"FormID","ChemID","Chemical","Formulation","TG3ID","TherapeuticGrp3","TG2ID","TherapeuticGrp2","TG1ID","TherapeuticGrp1","BaseUnits","PropPharmPresc"
"373126","3731","Abacavir sulphate","Oral liq 20 mg per ml","162003","Nucleosides Reverse Transcriptase Inhibitors","1620","Antiretrovirals","16","Infections - Agents for Systemic Use","ml",100
"373125","3731","Abacavir sulphate","Tab 300 mg","162003","Nucleosides Reverse Transcriptase Inhibitors","1620","Antiretrovirals","16","Infections - Agents for Systemic Use","tab",100
"386325","3863","Abacavir sulphate with lamivudine","Tab 600 mg with lamivudine 300 mg","162003","Nucleosides Reverse Transcriptase Inhibitors","1620","Antiretrovirals","16","Infections - Agents for Systemic Use","tab",100
"404825","4048","Abiraterone acetate","Tab 250 mg","250401","Endocrine Therapy","2504","Endocrine Therapy","25","Oncology Agents and Immunosuppressants","tab",100
"124702","1247","Acarbose","Tab 100 mg","11311","Alpha Glucosidase Inhibitors","113","Diabetes","1","Alimentary Tract and Metabolism","tab",99.9796166165162
"124701","1247","Acarbose","Tab 50 mg","11311","Alpha Glucosidase Inhibitors","113","Diabetes","1","Alimentary Tract and Metabolism","tab",99.9963190575921
"100301","1003","Acetazolamide","Tab 250 mg","310306","Glaucoma Preparations - Carbonic Anhydrase Inhibitors","3103","Eye Preparations","31","Sensory Organs","tab",99.2243813869171
"320101","3201","Acetic acid glacial liquid","Acetic acid glacial liquid","380101","Extemporaneously Compounded Preparations and Galenicals","3801","Extemporaneously Compounded Preparations and Galenicals","38","Extemporaneously Compounded Preparations and Galenicals","ml",99.2217898832685
"205802","2058","Acetic acid with 1, 2- propanediol diacetate and benzethonium","Ear drops 2% with 1, 2-Propanediol diacetate 3% and benzethonium chloride 0.02%","310101","Ear Preparations","3101","Ear Preparations","31","Sensory Organs","ml",99.2381441533984
"100601","1006","Acetic acid with hydroxyquinoline and ricinoleic acid","Jelly with glacial acetic acid 0.94%, hydroxyquinoline sulphate 0.025%, glycerol 5% and ricinoleic acid 0.75% with applicator","131001","Gynaecological Anti-infectives","1310","Gynaecological Anti-infectives","13","Genito-Urinary System","g",99.9429874572406
"604702","6047","Acetylcysteine","Inj 200 mg per ml, 10 ml ampoule","350404","Antidotes","3504","Agents Used in the Treatment of Poisonings","35","Various","inj",93.8721077296096
"604726","6047","Acetylcysteine","Inj 200 mg per ml, 10 ml vial","350404","Antidotes","3504","Agents Used in the Treatment of Poisonings","35","Various","inj",100
"248303","2483","Aciclovir","Cream 5%","101001","Antivirals Topical","1010","Antivirals Topical","10","Dermatologicals","g",100
"248304","2483","Aciclovir","Eye oint 3%","310301","Anti-Infective Preparations","3103","Eye Preparations","31","Sensory Organs","g",98.7377911344853
"248306","2483","Aciclovir","Tab dispersible 200 mg","161907","Herpesvirus Treatments","1619","Antivirals","16","Infections - Agents for Systemic Use","tab",99.6279921102876
"248307","2483","Aciclovir","Tab dispersible 400 mg","161907","Herpesvirus Treatments","1619","Antivirals","16","Infections - Agents for Systemic Use","tab",99.8412479320958
"248308","2483","Aciclovir","Tab dispersible 800 mg","161907","Herpesvirus Treatments","1619","Antivirals","16","Infections - Agents for Systemic Use","tab",98.4976282340739
"236201","2362","Acipimox","Cap 250 mg","73202","Other Lipid-Modifying Agents","732","Lipid-Modifying Agents","7","Cardiovascular System","cap",100
"236301","2363","Acitretin","Cap 10 mg","101901","Psoriasis and Eczema Preparations","1019","Psoriasis and Eczema Preparations","10","Dermatologicals","cap",100
"236302","2363","Acitretin","Cap 25 mg","101901","Psoriasis and Eczema Preparations","1019","Psoriasis and Eczema Preparations","10","Dermatologicals","cap",100
"415527","4155","Adalimumab (Amgevita)","Inj 20 mg per 0.4 ml prefilled syringe","250704","Monoclonal Antibodies","2507","Immunosuppressants","25","Oncology Agents and Immunosuppressants","inj",100
"415525","4155","Adalimumab (Amgevita)","Inj 40 mg per 0.8 ml prefilled pen","250704","Monoclonal Antibodies","2507","Immunosuppressants","25","Oncology Agents and Immunosuppressants","inj",100
"415526","4155","Adalimumab (Amgevita)","Inj 40 mg per 0.8 ml prefilled syringe","250704","Monoclonal Antibodies","2507","Immunosuppressants","25","Oncology Agents and Immunosuppressants","inj",100
"383629","3836","Adalimumab (Humira - Alternative brand)","Inj 20 mg per 0.2 ml prefilled syringe","250704","Monoclonal Antibodies","2507","Immunosuppressants","25","Oncology Agents and Immunosuppressants","inj",100
"383627","3836","Adalimumab (Humira - Alternative brand)","Inj 20 mg per 0.4 ml prefilled syringe","250704","Monoclonal Antibodies","2507","Immunosuppressants","25","Oncology Agents and Immunosuppressants","inj",100
"383631","3836","Adalimumab (Humira - Alternative brand)","Inj 40 mg per 0.4 ml prefilled pen","250704","Monoclonal Antibodies","2507","Immunosuppressants","25","Oncology Agents and Immunosuppressants","inj",100
"383630","3836","Adalimumab (Humira - Alternative brand)","Inj 40 mg per 0.4 ml prefilled syringe","250704","Monoclonal Antibodies","2507","Immunosuppressants","25","Oncology Agents and Immunosuppressants","inj",100
"383626","3836","Adalimumab (Humira - Alternative brand)","Inj 40 mg per 0.8 ml prefilled pen","250704","Monoclonal Antibodies","2507","Immunosuppressants","25","Oncology Agents and Immunosuppressants","inj",100
"383625","3836","Adalimumab (Humira - Alternative brand)","Inj 40 mg per 0.8 ml prefilled syringe","250704","Monoclonal Antibodies","2507","Immunosuppressants","25","Oncology Agents and Immunosuppressants","inj",100
"391525","3915","Adapalene","Crm 0.1%","100101","Antiacne Preparations","1001","Antiacne Preparations","10","Dermatologicals","g",100
"391526","3915","Adapalene","Gel 0.1%","100101","Antiacne Preparations","1001","Antiacne Preparations","10","Dermatologicals","g",100
"385525","3855","Adefovir dipivoxil","Tab 10 mg","161905","Hepatitis B Treatment","1619","Antivirals","16","Infections - Agents for Systemic Use","tab",100
"101525","1015","Adrenaline","Inj 0.15 mg per 0.3 ml auto-injector","280104","Allergic Emergencies","2801","Antiallergy Preparations","28","Respiratory System and Allergies","inj",100
"101526","1015","Adrenaline","Inj 0.3 mg per 0.3 ml auto-injector","280104","Allergic Emergencies","2801","Antiallergy Preparations","28","Respiratory System and Allergies","inj",100
"101501","1015","Adrenaline","Inj 1 in 1,000, 1 ml ampoule","73701","Sympathomimetics","737","Sympathomimetics","7","Cardiovascular System","inj",4.33131468784612
"101502","1015","Adrenaline","Inj 1 in 10,000, 10 ml ampoule","73701","Sympathomimetics","737","Sympathomimetics","7","Cardiovascular System","inj",1.42372138867594
"409825","4098","Aflibercept","Inj 40 mg per ml, 0.1 ml vial","250704","Monoclonal Antibodies","2507","Immunosuppressants","25","Oncology Agents and Immunosuppressants","inj",100
"412125","4121","Alectinib","Cap 150 mg","250109","Protein-tyrosine Kinase Inhibitors","2501","Chemotherapeutic Agents","25","Oncology Agents and Immunosuppressants","cap",100
"103725","1037","Alendronate sodium","Tab 70 mg","190802","Alendronate for Osteoporosis","1908","Drugs Affecting Bone Metabolism","19","Musculoskeletal System","tab",99.99429397083
"386826","3868","Alendronate sodium with colecalciferol","Tab 70 mg with colecalciferol 5,600 iu","190802","Alendronate for Osteoporosis","1908","Drugs Affecting Bone Metabolism","19","Musculoskeletal System","tab",99.9936881229537
"102001","1020","Alfacalcidol","Cap 0.25 mcg","13710","Vitamin D","137","Vitamins","1","Alimentary Tract and Metabolism","cap",99.9925022699378
"102002","1020","Alfacalcidol","Cap 1 mcg","13710","Vitamin D","137","Vitamins","1","Alimentary Tract and Metabolism","cap",99.9931945706284
"102003","1020","Alfacalcidol","Oral drops 2 mcg per ml","13710","Vitamin D","137","Vitamins","1","Alimentary Tract and Metabolism","ml",100
"102103","1021","Alginic acid","Sodium alginate 225 mg and magnesium alginate 87.5 mg per sachet","10102","Antacids and Reflux Barrier Agents","101","Antacids and Antiflatulents","1","Alimentary Tract and Metabolism","sach",99.9209214461486
"102601","1026","Allopurinol","Tab 100 mg","191301","Hyperuricaemia and Antigout","1913","Hyperuricaemia and Antigout","19","Musculoskeletal System","tab",99.9763945626408
"102602","1026","Allopurinol","Tab 300 mg","191301","Hyperuricaemia and Antigout","1913","Hyperuricaemia and Antigout","19","Musculoskeletal System","tab",99.9884477587483
"103804","1038","Aluminium hydroxide","Tab 600 mg","10104","Phosphate Binding Agents","101","Antacids and Antiflatulents","1","Alimentary Tract and Metabolism","tab",99.9885206869812
"104801","1048","Amantadine hydrochloride","Cap 100 mg","220101","Dopamine Agonists and Related Agents","2201","Agents for Parkinsonism and Related Disorders","22","Nervous System","cap",99.9828454722296
"390426","3904","Ambrisentan","Tab 10 mg","74005","Endothelin Receptor Antagonists","740","Vasodilators","7","Cardiovascular System","tab",100
"390425","3904","Ambrisentan","Tab 5 mg","74005","Endothelin Receptor Antagonists","740","Vasodilators","7","Cardiovascular System","tab",100
"105004","1050","Amiloride hydrochloride","Oral liq 1 mg per ml","73104","Potassium Sparing Diuretics","731","Diuretics","7","Cardiovascular System","ml",100
"105001","1050","Amiloride hydrochloride","Tab 5 mg","73104","Potassium Sparing Diuretics","731","Diuretics","7","Cardiovascular System","tab",100
"105101","1051","Amiloride hydrochloride with furosemide","Tab 5 mg with furosemide 40 mg","73107","Potassium Sparing Combination Diuretics","731","Diuretics","7","Cardiovascular System","tab",99.8920313350849
"105301","1053","Amiloride hydrochloride with hydrochlorothiazide","Tab 5 mg with hydrochlorothiazide 50 mg","73107","Potassium Sparing Combination Diuretics","731","Diuretics","7","Cardiovascular System","tab",99.9167026789578
"294501","2945","Amino acid formula","Powder","421806","Gastrointestinal and Other Malabsorptive Problems","4218","Infant Formulae","42","Special Foods","g",100
"294525","2945","Amino acid formula","Powder (unflavoured)","421806","Gastrointestinal and Other Malabsorptive Problems","4218","Infant Formulae","42","Special Foods","g",100
"294527","2945","Amino acid formula","Powder (vanilla)","421806","Gastrointestinal and Other Malabsorptive Problems","4218","Infant Formulae","42","Special Foods","g",100
"418728","4187","Aminoacid formula without lysine","Powder (neutral), 18 g sachets","421215","Supplements for Glutaric Aciduria type 1","4212","Foods And Supplements For Inherited Metabolic Disease","42","Special Foods","sach",100
"418725","4187","Aminoacid formula without lysine","Powder, 12.5 g sachets","421215","Supplements for Glutaric Aciduria type 1","4212","Foods And Supplements For Inherited Metabolic Disease","42","Special Foods","sach",100
"418727","4187","Aminoacid formula without lysine","Powder, can","421215","Supplements for Glutaric Aciduria type 1","4212","Foods And Supplements For Inherited Metabolic Disease","42","Special Foods","g",100
"290430","2904","Aminoacid formula without methionine","Liquid (juicy berries), 125 ml bottle","421201","Supplements For Homocystinuria","4212","Foods And Supplements For Inherited Metabolic Disease","42","Special Foods","btl",100
"290401","2904","Aminoacid formula without methionine","Powder (neutral), can","421201","Supplements For Homocystinuria","4212","Foods And Supplements For Inherited Metabolic Disease","42","Special Foods","g",100
"290426","2904","Aminoacid formula without methionine","Powder, 25 g sachets","421201","Supplements For Homocystinuria","4212","Foods And Supplements For Inherited Metabolic Disease","42","Special Foods","sach",100
"290505","2905","Aminoacid formula without phenylalanine","Infant formula","421205","Supplements For PKU","4212","Foods And Supplements For Inherited Metabolic Disease","42","Special Foods","g",100
"290531","2905","Aminoacid formula without phenylalanine","Liquid (berry)","421205","Supplements For PKU","4212","Foods And Supplements For Inherited Metabolic Disease","42","Special Foods","ml",100
"290563","2905","Aminoacid formula without phenylalanine","Liquid (berry), 125 ml bottle","421205","Supplements For PKU","4212","Foods And Supplements For Inherited Metabolic Disease","42","Special Foods","btl",100
"290534","2905","Aminoacid formula without phenylalanine","Liquid (forest berries), 250 ml carton","421205","Supplements For PKU","4212","Foods And Supplements For Inherited Metabolic Disease","42","Special Foods","pack",100
"290538","2905","Aminoacid formula without phenylalanine","Liquid (juicy berries) 125 ml","421205","Supplements For PKU","4212","Foods And Supplements For Inherited Metabolic Disease","42","Special Foods","pack",100
"290537","2905","Aminoacid formula without phenylalanine","Liquid (juicy berries) 62.5 ml","421205","Supplements For PKU","4212","Foods And Supplements For Inherited Metabolic Disease","42","Special Foods","pack",100
"290540","2905","Aminoacid formula without phenylalanine","Liquid (juicy orange) 125 ml","421205","Supplements For PKU","4212","Foods And Supplements For Inherited Metabolic Disease","42","Special Foods","pack",100
"290539","2905","Aminoacid formula without phenylalanine","Liquid (juicy orange) 62.5 ml","421205","Supplements For PKU","4212","Foods And Supplements For Inherited Metabolic Disease","42","Special Foods","pack",100
"290542","2905","Aminoacid formula without phenylalanine","Liquid (juicy tropical) 125 ml","421205","Supplements For PKU","4212","Foods And Supplements For Inherited Metabolic Disease","42","Special Foods","pack",100
"290530","2905","Aminoacid formula without phenylalanine","Liquid (orange)","421205","Supplements For PKU","4212","Foods And Supplements For Inherited Metabolic Disease","42","Special Foods","ml",100
"290533","2905","Aminoacid formula without phenylalanine","Liquid (unflavoured)","421205","Supplements For PKU","4212","Foods And Supplements For Inherited Metabolic Disease","42","Special Foods","ml",100
"290543","2905","Aminoacid formula without phenylalanine","Oral semi-solid (berries) 109 g","421205","Supplements For PKU","4212","Foods And Supplements For Inherited Metabolic Disease","42","Special Foods","pack",100
"290554","2905","Aminoacid formula without phenylalanine","Powder (Neutral), 12.5 g sachets","421205","Supplements For PKU","4212","Foods And Supplements For Inherited Metabolic Disease","42","Special Foods","sach",100
"290557","2905","Aminoacid formula without phenylalanine","Powder (Neutral), 34 g sachets","421205","Supplements For PKU","4212","Foods And Supplements For Inherited Metabolic Disease","42","Special Foods","sach",100
"290556","2905","Aminoacid formula without phenylalanine","Powder (Orange), 34 g sachets","421205","Supplements For PKU","4212","Foods And Supplements For Inherited Metabolic Disease","42","Special Foods","sach",100
"290559","2905","Aminoacid formula without phenylalanine","Powder (Tropical), 34 g sachets","421205","Supplements For PKU","4212","Foods And Supplements For Inherited Metabolic Disease","42","Special Foods","sach",100
"290549","2905","Aminoacid formula without phenylalanine","Powder (berry) 28 g sachets","421205","Supplements For PKU","4212","Foods And Supplements For Inherited Metabolic Disease","42","Special Foods","sach",100
"290546","2905","Aminoacid formula without phenylalanine","Powder (chocolate) 36 g sachet","421205","Supplements For PKU","4212","Foods And Supplements For Inherited Metabolic Disease","42","Special Foods","sach",100
"290551","2905","Aminoacid formula without phenylalanine","Powder (neutral) 28 g sachets","421205","Supplements For PKU","4212","Foods And Supplements For Inherited Metabolic Disease","42","Special Foods","sach",100
"290552","2905","Aminoacid formula without phenylalanine","Powder (neutral) 36 g sachets","421205","Supplements For PKU","4212","Foods And Supplements For Inherited Metabolic Disease","42","Special Foods","sach",100
"290506","2905","Aminoacid formula without phenylalanine","Powder (orange)","421205","Supplements For PKU","4212","Foods And Supplements For Inherited Metabolic Disease","42","Special Foods","g",100
"290550","2905","Aminoacid formula without phenylalanine","Powder (orange) 28 g sachets","421205","Supplements For PKU","4212","Foods And Supplements For Inherited Metabolic Disease","42","Special Foods","sach",100
"290548","2905","Aminoacid formula without phenylalanine","Powder (orange) 36 g sachet","421205","Supplements For PKU","4212","Foods And Supplements For Inherited Metabolic Disease","42","Special Foods","sach",100
"290507","2905","Aminoacid formula without phenylalanine","Powder (unflavoured)","421205","Supplements For PKU","4212","Foods And Supplements For Inherited Metabolic Disease","42","Special Foods","g",100
"290561","2905","Aminoacid formula without phenylalanine","Powder (unflavoured) 12.5 g sachets","421205","Supplements For PKU","4212","Foods And Supplements For Inherited Metabolic Disease","42","Special Foods","sach",100
"290544","2905","Aminoacid formula without phenylalanine","Powder (unflavoured) 27.8 g sachets","421205","Supplements For PKU","4212","Foods And Supplements For Inherited Metabolic Disease","42","Special Foods","sach",100
"290547","2905","Aminoacid formula without phenylalanine","Powder (unflavoured) 28 g sachets","421205","Supplements For PKU","4212","Foods And Supplements For Inherited Metabolic Disease","42","Special Foods","sach",100
"290541","2905","Aminoacid formula without phenylalanine","Powder (unflavoured) 36 g sachets","421205","Supplements For PKU","4212","Foods And Supplements For Inherited Metabolic Disease","42","Special Foods","sach",100
"290545","2905","Aminoacid formula without phenylalanine","Powder (vanilla) 36 g sachet","421205","Supplements For PKU","4212","Foods And Supplements For Inherited Metabolic Disease","42","Special Foods","sach",100
"290526","2905","Aminoacid formula without phenylalanine","Tabs","421205","Supplements For PKU","4212","Foods And Supplements For Inherited Metabolic Disease","42","Special Foods","tab",100
"418429","4184","Aminoacid formula without phenylalanine and tyrosine","Liquid (juicy berries) 125 ml pouches","421212","Supplements for Tyrosinaemia","4212","Foods And Supplements For Inherited Metabolic Disease","42","Special Foods","btl",100
"418425","4184","Aminoacid formula without phenylalanine and tyrosine","Powder (Neutral), 12.5 g sachets","421212","Supplements for Tyrosinaemia","4212","Foods And Supplements For Inherited Metabolic Disease","42","Special Foods","sach",100
"418426","4184","Aminoacid formula without phenylalanine and tyrosine","Powder (neutral) 36 g sachets","421212","Supplements for Tyrosinaemia","4212","Foods And Supplements For Inherited Metabolic Disease","42","Special Foods","sach",100
"290630","2906","Aminoacid formula without valine, leucine and isoleucine","Liquid (juicy berries) 125 ml pouches","421202","Supplements For MSUD and short chain enoyl coA hydratase deficiency","4212","Foods And Supplements For Inherited Metabolic Disease","42","Special Foods","pack",100
"290629","2906","Aminoacid formula without valine, leucine and isoleucine","Liquid (orange) 125 ml bottles","421202","Supplements For MSUD and short chain enoyl coA hydratase deficiency","4212","Foods And Supplements For Inherited Metabolic Disease","42","Special Foods","btl",100
"290628","2906","Aminoacid formula without valine, leucine and isoleucine","Powder (neutral) 36 g sachets","421202","Supplements For MSUD and short chain enoyl coA hydratase deficiency","4212","Foods And Supplements For Inherited Metabolic Disease","42","Special Foods","sach",100
"290601","2906","Aminoacid formula without valine, leucine and isoleucine","Powder (orange), can","421202","Supplements For MSUD and short chain enoyl coA hydratase deficiency","4212","Foods And Supplements For Inherited Metabolic Disease","42","Special Foods","g",100
"290627","2906","Aminoacid formula without valine, leucine and isoleucine","Powder (unflavoured), can","421202","Supplements For MSUD and short chain enoyl coA hydratase deficiency","4212","Foods And Supplements For Inherited Metabolic Disease","42","Special Foods","g",100
"290625","2906","Aminoacid formula without valine, leucine and isoleucine","Powder, 12.5 g sachets","421202","Supplements For MSUD and short chain enoyl coA hydratase deficiency","4212","Foods And Supplements For Inherited Metabolic Disease","42","Special Foods","sach",100
"290626","2906","Aminoacid formula without valine, leucine and isoleucine","Powder, 25 g sachets","421202","Supplements For MSUD and short chain enoyl coA hydratase deficiency","4212","Foods And Supplements For Inherited Metabolic Disease","42","Special Foods","sach",100
"105601","1056","Aminophylline","Inj 25 mg per ml, 10 ml ampoule","284302","Methylxanthines","2843","Methylxanthines","28","Respiratory System and Allergies","inj",0.0857412329589299
"105703","1057","Amiodarone hydrochloride","Inj 50 mg per ml, 3 ml ampoule","71301","Antiarrhythmics","713","Antiarrhythmics","7","Cardiovascular System","inj",0.101627163811696
"105701","1057","Amiodarone hydrochloride","Tab 100 mg","71301","Antiarrhythmics","713","Antiarrhythmics","7","Cardiovascular System","tab",99.9348013791564
"105702","1057","Amiodarone hydrochloride","Tab 200 mg","71301","Antiarrhythmics","713","Antiarrhythmics","7","Cardiovascular System","tab",99.3950548934309
"388425","3884","Amisulpride","Tab 100 mg","222201","General","2222","Antipsychotics","22","Nervous System","tab",99.9943193889989
"388426","3884","Amisulpride","Tab 200 mg","222201","General","2222","Antipsychotics","22","Nervous System","tab",99.9991046037693
"388427","3884","Amisulpride","Tab 400 mg","222201","General","2222","Antipsychotics","22","Nervous System","tab",100
"105901","1059","Amitriptyline","Tab 10 mg","220501","Cyclic and Related Agents","2205","Antidepressants","22","Nervous System","tab",99.9719937894366
"105902","1059","Amitriptyline","Tab 25 mg","220501","Cyclic and Related Agents","2205","Antidepressants","22","Nervous System","tab",99.9724404953783
"105903","1059","Amitriptyline","Tab 50 mg","220501","Cyclic and Related Agents","2205","Antidepressants","22","Nervous System","tab",99.9895708566993
"279302","2793","Amlodipine","Tab 10 mg","72201","Dihydropyridine Calcium Channel Blockers","722","Calcium Channel Blockers","7","Cardiovascular System","tab",99.9950856108022
"279325","2793","Amlodipine","Tab 2.5 mg","72201","Dihydropyridine Calcium Channel Blockers","722","Calcium Channel Blockers","7","Cardiovascular System","tab",99.9814017421784
"279301","2793","Amlodipine","Tab 5 mg","72201","Dihydropyridine Calcium Channel Blockers","722","Calcium Channel Blockers","7","Cardiovascular System","tab",99.9841458580872
"283201","2832","Amorolfine","Nail soln 5%","100701","Antifungals Topical","1007","Antifungals Topical","10","Dermatologicals","ml",100
"107202","1072","Amoxicillin","Cap 250 mg","160307","Penicillins","1603","Antibacterials","16","Infections - Agents for Systemic Use","cap",80.2672156843935
"107203","1072","Amoxicillin","Cap 500 mg","160307","Penicillins","1603","Antibacterials","16","Infections - Agents for Systemic Use","cap",95.7264330689334
"107205","1072","Amoxicillin","Grans for oral liq 125 mg per 5 ml","160307","Penicillins","1603","Antibacterials","16","Infections - Agents for Systemic Use","ml",93.1507500560604
"107206","1072","Amoxicillin","Grans for oral liq 250 mg per 5 ml","160307","Penicillins","1603","Antibacterials","16","Infections - Agents for Systemic Use","ml",93.6609206883346
"107208","1072","Amoxicillin","Inj 1 g vial","160307","Penicillins","1603","Antibacterials","16","Infections - Agents for Systemic Use","inj",2.56459487629601
"107209","1072","Amoxicillin","Inj 500 mg vial","160307","Penicillins","1603","Antibacterials","16","Infections - Agents for Systemic Use","inj",7.1021254536029
"107002","1070","Amoxicillin with clavulanic acid","Grans for oral liq amoxicillin 25 mg with clavulanic acid 6.25 mg per ml","160307","Penicillins","1603","Antibacterials","16","Infections - Agents for Systemic Use","ml",92.9119983447207
"107004","1070","Amoxicillin with clavulanic acid","Grans for oral liq amoxicillin 50 mg with clavulanic acid 12.5 mg per ml","160307","Penicillins","1603","Antibacterials","16","Infections - Agents for Systemic Use","ml",95.1267907092104
"107001","1070","Amoxicillin with clavulanic acid","Tab 500 mg with clavulanic acid 125 mg","160307","Penicillins","1603","Antibacterials","16","Infections - Agents for Systemic Use","tab",96.3866627772703
"107401","1074","Amphotericin B","Lozenges 10 mg","13107","Oropharyngeal Anti-infectives","131","Mouth and Throat","1","Alimentary Tract and Metabolism","tab",99.7418478650159
"384325","3843","Anagrelide hydrochloride","Cap 0.5 mg","250107","Other Cytotoxic Agents","2501","Chemotherapeutic Agents","25","Oncology Agents and Immunosuppressants","cap",100
"115801","1158","Anastrozole","Tab 1 mg","250404","Aromatase Inhibitors","2504","Endocrine Therapy","25","Oncology Agents and Immunosuppressants","tab",99.9901181422213
"102425","1024","Apomorphine hydrochloride","Inj 10 mg per ml, 2 ml ampoule","220101","Dopamine Agonists and Related Agents","2201","Agents for Parkinsonism and Related Disorders","22","Nervous System","inj",99.9587866798549
"102426","1024","Apomorphine hydrochloride","Inj 10 mg per ml, 5 ml ampoule","220101","Dopamine Agonists and Related Agents","2201","Agents for Parkinsonism and Related Disorders","22","Nervous System","inj",99.8638531085267
"389925","3899","Aprepitant","Cap 2 x 80 mg and 1 x 125 mg","221601","Antinausea and Vertigo Agents","2216","Antinausea and Vertigo Agents","22","Nervous System","cap",99.9990779160904
"321301","3213","Aqueous cream","Crm","101504","Emollients","1015","Barrier Creams and Emollients","10","Dermatologicals","g",99.621035941617
"387831","3878","Aripiprazole","Inj 300 mg vial","222204","Depot Injections","2222","Antipsychotics","22","Nervous System","inj",100
"387832","3878","Aripiprazole","Inj 400 mg vial","222204","Depot Injections","2222","Antipsychotics","22","Nervous System","inj",100
"387825","3878","Aripiprazole","Tab 10 mg","222201","General","2222","Antipsychotics","22","Nervous System","tab",99.9695198360575
"387826","3878","Aripiprazole","Tab 15 mg","222201","General","2222","Antipsychotics","22","Nervous System","tab",99.9964682915861
"387827","3878","Aripiprazole","Tab 20 mg","222201","General","2222","Antipsychotics","22","Nervous System","tab",99.9990300608394
"387828","3878","Aripiprazole","Tab 30 mg","222201","General","2222","Antipsychotics","22","Nervous System","tab",99.9946867766268
"387829","3878","Aripiprazole","Tab 5 mg","222201","General","2222","Antipsychotics","22","Nervous System","tab",99.9761274444046
"108403","1084","Ascorbic acid","Powder","380101","Extemporaneously Compounded Preparations and Galenicals","3801","Extemporaneously Compounded Preparations and Galenicals","38","Extemporaneously Compounded Preparations and Galenicals","g",100
"108401","1084","Ascorbic acid","Tab 100 mg","13707","Vitamin C","137","Vitamins","1","Alimentary Tract and Metabolism","tab",100
"108725","1087","Aspirin","Tab 100 mg","40701","Antiplatelet Agents","407","Antithrombotic Agents","4","Blood and Blood Forming Organs","tab",99.9232340728143
"108701","1087","Aspirin","Tab dispersible 300 mg","220404","Non-opioid Analgesics","2204","Analgesics","22","Nervous System","tab",89.6863363358423
"386125","3861","Atazanavir sulphate","Cap 150 mg","162005","Protease Inhibitors","1620","Antiretrovirals","16","Infections - Agents for Systemic Use","cap",100
"386126","3861","Atazanavir sulphate","Cap 200 mg","162005","Protease Inhibitors","1620","Antiretrovirals","16","Infections - Agents for Systemic Use","cap",100
"109425","1094","Atenolol","Oral liq 25 mg per 5 ml","71601","Beta Adrenoceptor Blockers","716","Beta-Adrenoceptor Blockers","7","Cardiovascular System","ml",99.9703703703704
"109402","1094","Atenolol","Tab 100 mg","71601","Beta Adrenoceptor Blockers","716","Beta-Adrenoceptor Blockers","7","Cardiovascular System","tab",99.972167148309
"109401","1094","Atenolol","Tab 50 mg","71601","Beta Adrenoceptor Blockers","716","Beta-Adrenoceptor Blockers","7","Cardiovascular System","tab",99.925338482323
"388725","3887","Atomoxetine","Cap 10 mg","223101","Stimulants/ADHD Treatments","2231","Stimulants/ADHD Treatments","22","Nervous System","cap",100
"388731","3887","Atomoxetine","Cap 100 mg","223101","Stimulants/ADHD Treatments","2231","Stimulants/ADHD Treatments","22","Nervous System","cap",100
"388726","3887","Atomoxetine","Cap 18 mg","223101","Stimulants/ADHD Treatments","2231","Stimulants/ADHD Treatments","22","Nervous System","cap",99.9945240735417
"388727","3887","Atomoxetine","Cap 25 mg","223101","Stimulants/ADHD Treatments","2231","Stimulants/ADHD Treatments","22","Nervous System","cap",100
"388728","3887","Atomoxetine","Cap 40 mg","223101","Stimulants/ADHD Treatments","2231","Stimulants/ADHD Treatments","22","Nervous System","cap",99.9978366708094
"388729","3887","Atomoxetine","Cap 60 mg","223101","Stimulants/ADHD Treatments","2231","Stimulants/ADHD Treatments","22","Nervous System","cap",100
"388730","3887","Atomoxetine","Cap 80 mg","223101","Stimulants/ADHD Treatments","2231","Stimulants/ADHD Treatments","22","Nervous System","cap",100
"113701","1137","Atorvastatin","Tab 10 mg","73204","HMG CoA Reductase Inhibitors (Statins)","732","Lipid-Modifying Agents","7","Cardiovascular System","tab",99.9909602213637
"113702","1137","Atorvastatin","Tab 20 mg","73204","HMG CoA Reductase Inhibitors (Statins)","732","Lipid-Modifying Agents","7","Cardiovascular System","tab",99.9887383420212
"113703","1137","Atorvastatin","Tab 40 mg","73204","HMG CoA Reductase Inhibitors (Statins)","732","Lipid-Modifying Agents","7","Cardiovascular System","tab",99.988525744079
"113725","1137","Atorvastatin","Tab 80 mg","73204","HMG CoA Reductase Inhibitors (Statins)","732","Lipid-Modifying Agents","7","Cardiovascular System","tab",99.995641824331
"109706","1097","Atropine sulphate","Eye drops 1%","310310","Mydriatics and Cycloplegics","3103","Eye Preparations","31","Sensory Organs","ml",97.8514806014257
"109703","1097","Atropine sulphate","Inj 600 mcg per ml, 1 ml ampoule","71301","Antiarrhythmics","713","Antiarrhythmics","7","Cardiovascular System","inj",6.17552194739072
"109901","1099","Auranofin","Tab 3 mg","190701","Antirheumatoid Agents","1907","Antirheumatoid Agents","19","Musculoskeletal System","tab",100
"422225","4222","Axitinib","Tab 1 mg","250109","Protein-tyrosine Kinase Inhibitors","2501","Chemotherapeutic Agents","25","Oncology Agents and Immunosuppressants","tab",100
"422226","4222","Axitinib","Tab 5 mg","250109","Protein-tyrosine Kinase Inhibitors","2501","Chemotherapeutic Agents","25","Oncology Agents and Immunosuppressants","tab",100
"110002","1100","Azathioprine","Inj 50 mg vial","250701","Cytotoxic Immunosuppressants","2507","Immunosuppressants","25","Oncology Agents and Immunosuppressants","inj",100
"110025","1100","Azathioprine","Tab 25 mg","250701","Cytotoxic Immunosuppressants","2507","Immunosuppressants","25","Oncology Agents and Immunosuppressants","tab",99.9984942751748
"110001","1100","Azathioprine","Tab 50 mg","250701","Cytotoxic Immunosuppressants","2507","Immunosuppressants","25","Oncology Agents and Immunosuppressants","tab",99.994940315354
"117825","1178","Azithromycin","Grans for oral liq 200 mg per 5 ml (40 mg per ml)","160304","Macrolides","1603","Antibacterials","16","Infections - Agents for Systemic Use","ml",98.8506508892179
"117826","1178","Azithromycin","Tab 250 mg","160304","Macrolides","1603","Antibacterials","16","Infections - Agents for Systemic Use","tab",99.4085348367106
"117801","1178","Azithromycin","Tab 500 mg","160304","Macrolides","1603","Antibacterials","16","Infections - Agents for Systemic Use","tab",82.7452286131106
"236425","2364","Baclofen","Inj 0.05 mg per ml, 1 ml ampoule","191601","Muscle Relaxants","1916","Muscle Relaxants","19","Musculoskeletal System","inj",100
"236426","2364","Baclofen","Inj 2 mg per ml, 5 ml ampoule","191601","Muscle Relaxants","1916","Muscle Relaxants","19","Musculoskeletal System","inj",100
"236401","2364","Baclofen","Tab 10 mg","191601","Muscle Relaxants","1916","Muscle Relaxants","19","Musculoskeletal System","tab",99.9564619164331
"110802","1108","Beclomethasone dipropionate","Aerosol inhaler, 100 mcg per dose","281001","Inhaled Corticosteroids","2810","Inhaled Corticosteroids","28","Respiratory System and Allergies","dose",99.9464522060681
"110826","1108","Beclomethasone dipropionate","Aerosol inhaler, 100 mcg per dose CFC-free","281001","Inhaled Corticosteroids","2810","Inhaled Corticosteroids","28","Respiratory System and Allergies","dose",99.764157940016
"110827","1108","Beclomethasone dipropionate","Aerosol inhaler, 250 mcg per dose CFC-free","281001","Inhaled Corticosteroids","2810","Inhaled Corticosteroids","28","Respiratory System and Allergies","dose",99.8426335488261
"110801","1108","Beclomethasone dipropionate","Aerosol inhaler, 50 mcg per dose","281001","Inhaled Corticosteroids","2810","Inhaled Corticosteroids","28","Respiratory System and Allergies","dose",99.9416705552963
"110825","1108","Beclomethasone dipropionate","Aerosol inhaler, 50 mcg per dose CFC-free","281001","Inhaled Corticosteroids","2810","Inhaled Corticosteroids","28","Respiratory System and Allergies","dose",98.5014985014985
"418025","4180","Bedaquiline","Tab 100mg","161601","Antituberculotics and Antileprotics","1616","Antituberculotics and Antileprotics","16","Infections - Agents for Systemic Use","tab",100
"600428","6004","Bee venom allergy treatment","Initiation kit - 1 vial freeze dried venom with diluent","280108","Allergy Desensitisation","2801","Antiallergy Preparations","28","Respiratory System and Allergies","pack",100
"600426","6004","Bee venom allergy treatment","Initiation kit - 5 vials freeze dried venom with diluent","280108","Allergy Desensitisation","2801","Antiallergy Preparations","28","Respiratory System and Allergies","pack",100
"600427","6004","Bee venom allergy treatment","Maintenance kit - 1 vial freeze dried venom with diluent","280108","Allergy Desensitisation","2801","Antiallergy Preparations","28","Respiratory System and Allergies","pack",100
"600405","6004","Bee venom allergy treatment","Maintenance kit - 6 vials 120 mcg freeze dried venom, with diluent ","280108","Allergy Desensitisation","2801","Antiallergy Preparations","28","Respiratory System and Allergies","txpk",100
"600404","6004","Bee venom allergy treatment","Treatment kit - 1 vial 550 mcg freeze dried venom, 1 diluent 9 ml, 3 diluent 1.8 ml","280108","Allergy Desensitisation","2801","Antiallergy Preparations","28","Respiratory System and Allergies","txpk",100
"600425","6004","Bee venom allergy treatment","Treatment kit - 1 vial 550 mcg freeze dried venom, with diluent","280108","Allergy Desensitisation","2801","Antiallergy Preparations","28","Respiratory System and Allergies","vial",100
"111601","1116","Bendroflumethiazide [Bendrofluazide]","Tab 2.5 mg","73110","Thiazide and Related Diuretics","731","Diuretics","7","Cardiovascular System","tab",99.9467804682307
"111602","1116","Bendroflumethiazide [Bendrofluazide]","Tab 5 mg","73110","Thiazide and Related Diuretics","731","Diuretics","7","Cardiovascular System","tab",99.9846282744351
"416325","4163","Benralizumab","Inj 30 mg per ml, 1 ml prefilled pen","250704","Monoclonal Antibodies","2507","Immunosuppressants","25","Oncology Agents and Immunosuppressants","inj",100
"112002","1120","Benzathine benzylpenicillin","Inj 900 mg (1.2 million units) in 2.3 ml syringe","160307","Penicillins","1603","Antibacterials","16","Infections - Agents for Systemic Use","inj",28.9090624510878
"112026","1120","Benzathine benzylpenicillin","Inj 900 mg (1.2 million units) vial","160307","Penicillins","1603","Antibacterials","16","Infections - Agents for Systemic Use","inj",100
"113001","1130","Benzatropine mesylate","Tab 2 mg","220104","Anticholinergics","2201","Agents for Parkinsonism and Related Disorders","22","Nervous System","tab",99.8629000456106
"400325","4003","Benzbromarone","Tab 100 mg","191301","Hyperuricaemia and Antigout","1913","Hyperuricaemia and Antigout","19","Musculoskeletal System","tab",100
"400326","4003","Benzbromarone","Tab 50 mg","191301","Hyperuricaemia and Antigout","1913","Hyperuricaemia and Antigout","19","Musculoskeletal System","tab",100
"322103","3221","Benzoin","Tincture compound BP","380101","Extemporaneously Compounded Preparations and Galenicals","3801","Extemporaneously Compounded Preparations and Galenicals","38","Extemporaneously Compounded Preparations and Galenicals","ml",15.7608695652174
"113201","1132","Benzydamine hydrochloride","Soln 0.15%","13101","Agents Used in Mouth Ulceration","131","Mouth and Throat","1","Alimentary Tract and Metabolism","ml",99.7008119251386
"113601","1136","Benzylpenicillin sodium [Penicillin G]","Inj 600 mg (1 million units) vial","160307","Penicillins","1603","Antibacterials","16","Infections - Agents for Systemic Use","inj",3.25806940445522
"421425","4214","Beta-hCG low sensitivity urine test kit","Midstream","131602","Pregnancy Tests - hCG Urine","1316","Pregnancy Tests - hCG Urine","13","Genito-Urinary System","test",1.59139302925025
"119501","1195","Betahistine dihydrochloride","Tab 16 mg","221601","Antinausea and Vertigo Agents","2216","Antinausea and Vertigo Agents","22","Nervous System","tab",99.987119490541
"114312","1143","Betamethasone dipropionate","Crm 0.05%","101101","Corticosteroids - Plain","1011","Corticosteroids Topical","10","Dermatologicals","g",99.9710777755695
"114313","1143","Betamethasone dipropionate","Oint 0.05%","101101","Corticosteroids - Plain","1011","Corticosteroids Topical","10","Dermatologicals","g",99.9797360118882
"114315","1143","Betamethasone dipropionate","Oint 0.05% in propylene glycol base","101101","Corticosteroids - Plain","1011","Corticosteroids Topical","10","Dermatologicals","g",99.9934080421885
"394127","3941","Betamethasone dipropionate with calcipotriol","Foam spray 500 mcg with calcipotriol 50 mcg per g","101901","Psoriasis and Eczema Preparations","1019","Psoriasis and Eczema Preparations","10","Dermatologicals","g",99.9913423973623
"394126","3941","Betamethasone dipropionate with calcipotriol","Gel 500 mcg with calcipotriol 50 mcg per g","101901","Psoriasis and Eczema Preparations","1019","Psoriasis and Eczema Preparations","10","Dermatologicals","g",99.9899997142776
"394125","3941","Betamethasone dipropionate with calcipotriol","Oint 500 mcg with calcipotriol 50 mcg per g","101901","Psoriasis and Eczema Preparations","1019","Psoriasis and Eczema Preparations","10","Dermatologicals","g",99.9947941438851
"286401","2864","Betamethasone sodium phosphate with betamethasone acetate","Inj 3.9 mg with betamethasone acetate 3 mg per ml, 1 ml","140701","Corticosteroids and Related Agents for Systemic Use","1407","Corticosteroids and Related Agents for Systemic Use","14","Hormone Preparations - Systemic Excluding Contraceptive Hormones","inj",41.235567551357
"271609","2716","Betamethasone valerate","Crm 0.1%","101101","Corticosteroids - Plain","1011","Corticosteroids Topical","10","Dermatologicals","g",99.7181058853078
"271608","2716","Betamethasone valerate","Lotn 0.1%","101101","Corticosteroids - Plain","1011","Corticosteroids Topical","10","Dermatologicals","ml",99.9686382738506
"271610","2716","Betamethasone valerate","Oint 0.1%","101101","Corticosteroids - Plain","1011","Corticosteroids Topical","10","Dermatologicals","g",99.8743496746675
"271603","2716","Betamethasone valerate","Scalp app 0.1%","102201","Scalp Preparations","1022","Scalp Preparations","10","Dermatologicals","ml",99.9784892424262
"114602","1146","Betamethasone valerate with clioquinol","Crm 0.1% with clioquinol 3%","101104","Corticosteroids - Combination","1011","Corticosteroids Topical","10","Dermatologicals","g",100
"114801","1148","Betamethasone valerate with sodium fusidate [fusidic acid]","Crm 0.1% with sodium fusidate (fusidic acid) 2%","101104","Corticosteroids - Combination","1011","Corticosteroids Topical","10","Dermatologicals","g",100
"114901","1149","Betaxolol","Eye drops 0.25%","310305","Glaucoma Preparations - Beta Blockers","3103","Eye Preparations","31","Sensory Organs","ml",100
"114902","1149","Betaxolol","Eye drops 0.5%","310305","Glaucoma Preparations - Beta Blockers","3103","Eye Preparations","31","Sensory Organs","ml",99.9745773484174
"115101","1151","Bezafibrate","Tab 200 mg","73201","Fibrates","732","Lipid-Modifying Agents","7","Cardiovascular System","tab",99.9901052122537
"115102","1151","Bezafibrate","Tab long-acting 400 mg","73201","Fibrates","732","Lipid-Modifying Agents","7","Cardiovascular System","tab",99.9959140148584
"388325","3883","Bicalutamide","Tab 50 mg","250401","Endocrine Therapy","2504","Endocrine Therapy","25","Oncology Agents and Immunosuppressants","tab",99.9642491428001
"382425","3824","Bimatoprost","Eye drops 0.03%","310308","Glaucoma Preparations - Prostaglandin Analogues","3103","Eye Preparations","31","Sensory Organs","ml",99.9595407204864
"630201","6302","Biotin","Tab 5 mg","13704","Vitamin B","137","Vitamins","1","Alimentary Tract and Metabolism","tab",100
"248203","2482","Bisacodyl","Suppos 10 mg","12510","Stimulant Laxatives","125","Laxatives","1","Alimentary Tract and Metabolism","supp",100
"248201","2482","Bisacodyl","Tab 5 mg","12510","Stimulant Laxatives","125","Laxatives","1","Alimentary Tract and Metabolism","tab",100
"394927","3949","Bisoprolol fumarate","Tab 10 mg","71601","Beta Adrenoceptor Blockers","716","Beta-Adrenoceptor Blockers","7","Cardiovascular System","tab",99.9817296870661
"394925","3949","Bisoprolol fumarate","Tab 2.5 mg","71601","Beta Adrenoceptor Blockers","716","Beta-Adrenoceptor Blockers","7","Cardiovascular System","tab",99.9686332213821
"394926","3949","Bisoprolol fumarate","Tab 5 mg","71601","Beta Adrenoceptor Blockers","716","Beta-Adrenoceptor Blockers","7","Cardiovascular System","tab",99.969123118458
"409025","4090","Blood Ketone Diagnostic Test Strip","Test strips","11504","Ketone Testing","115","Diabetes Management","1","Alimentary Tract and Metabolism","strip",92.519175309773
"380726","3807","Blood glucose diagnostic test meter","Meter with 50 lancets, a lancing device and 10 diagnostic test strips","11507","Blood Glucose Testing","115","Diabetes Management","1","Alimentary Tract and Metabolism","pack",64.6131952289432
"380225","3802","Blood glucose diagnostic test strip","Test strips","11507","Blood Glucose Testing","115","Diabetes Management","1","Alimentary Tract and Metabolism","test",98.8344285207957
"380925","3809","Blood glucose test strips (visually impaired)","Blood glucose test strips","11507","Blood Glucose Testing","115","Diabetes Management","1","Alimentary Tract and Metabolism","test",100
"322601","3226","Boric acid powder","Boric acid powder","380101","Extemporaneously Compounded Preparations and Galenicals","3801","Extemporaneously Compounded Preparations and Galenicals","38","Extemporaneously Compounded Preparations and Galenicals","g",100
"388926","3889","Bosentan","Tab 125 mg","74005","Endothelin Receptor Antagonists","740","Vasodilators","7","Cardiovascular System","tab",100
"388925","3889","Bosentan","Tab 62.5 mg","74005","Endothelin Receptor Antagonists","740","Vasodilators","7","Cardiovascular System","tab",100
"371325","3713","Brimonidine tartrate","Eye drops 0.2%","310309","Glaucoma Preparations - Other","3103","Eye Preparations","31","Sensory Organs","ml",99.8109206122084
"383925","3839","Brimonidine tartrate with timolol maleate","Eye drops 0.2% with timolol maleate 0.5%","310309","Glaucoma Preparations - Other","3103","Eye Preparations","31","Sensory Organs","ml",99.9344386348884
"379225","3792","Brinzolamide","Eye drops 1%","310306","Glaucoma Preparations - Carbonic Anhydrase Inhibitors","3103","Eye Preparations","31","Sensory Organs","ml",99.9348885246638
"116701","1167","Bromocriptine mesylate","Tab 2.5 mg","220101","Dopamine Agonists and Related Agents","2201","Agents for Parkinsonism and Related Disorders","22","Nervous System","tab",99.957998794748
"116809","1168","Budesonide","Cap modified-release 3 mg","10404","Rectal and Colonic Anti-inflammatories","104","Antidiarrhoeals","1","Alimentary Tract and Metabolism","cap",99.998878993336
"116808","1168","Budesonide","Metered aqueous nasal spray, 100 mcg per dose","285102","Allergy Prophylactics","2851","Nasal Preparations","28","Respiratory System and Allergies","dose",99.9721149832603
"116807","1168","Budesonide","Metered aqueous nasal spray, 50 mcg per dose","285102","Allergy Prophylactics","2851","Nasal Preparations","28","Respiratory System and Allergies","dose",99.957826587487
"116802","1168","Budesonide","Powder for inhalation, 100 mcg per dose","281001","Inhaled Corticosteroids","2810","Inhaled Corticosteroids","28","Respiratory System and Allergies","dose",99.038545201427
"116803","1168","Budesonide","Powder for inhalation, 200 mcg per dose","281001","Inhaled Corticosteroids","2810","Inhaled Corticosteroids","28","Respiratory System and Allergies","dose",99.0576060439128
"116804","1168","Budesonide","Powder for inhalation, 400 mcg per dose","281001","Inhaled Corticosteroids","2810","Inhaled Corticosteroids","28","Respiratory System and Allergies","dose",96.9905956112853
"375828","3758","Budesonide with eformoterol","Aerosol inhaler 100 mcg with eformoterol fumarate 6 mcg","282404","Inhaled Corticosteroids with Long-Acting Beta-Adrenoceptor Agonists","2824","Inhaled Long-acting Beta-adrenoceptor Agonists","28","Respiratory System and Allergies","dose",99.6884752228495
"375829","3758","Budesonide with eformoterol","Aerosol inhaler 200 mcg with eformoterol fumarate 6 mcg","282404","Inhaled Corticosteroids with Long-Acting Beta-Adrenoceptor Agonists","2824","Inhaled Long-acting Beta-adrenoceptor Agonists","28","Respiratory System and Allergies","dose",99.8831882846894
"375825","3758","Budesonide with eformoterol","Powder for inhalation 100 mcg with eformoterol fumarate 6 mcg","282404","Inhaled Corticosteroids with Long-Acting Beta-Adrenoceptor Agonists","2824","Inhaled Long-acting Beta-adrenoceptor Agonists","28","Respiratory System and Allergies","dose",99.6071497238058
"375830","3758","Budesonide with eformoterol","Powder for inhalation 160 mcg with 4.5 mcg eformoterol fumarate per dose (equivalent to 200 mcg budesonide with 6 mcg eformoterol fumarate metered dose)","282404","Inhaled Corticosteroids with Long-Acting Beta-Adrenoceptor Agonists","2824","Inhaled Long-acting Beta-adrenoceptor Agonists","28","Respiratory System and Allergies","dose",99.7782891782667
"375826","3758","Budesonide with eformoterol","Powder for inhalation 200 mcg with eformoterol fumarate 6 mcg","282404","Inhaled Corticosteroids with Long-Acting Beta-Adrenoceptor Agonists","2824","Inhaled Long-acting Beta-adrenoceptor Agonists","28","Respiratory System and Allergies","dose",99.6777523678482
"375831","3758","Budesonide with eformoterol","Powder for inhalation 320 mcg with 9 mcg eformoterol fumarate per dose (equivalent to 400 mcg budesonide with 12 mcg eformoterol fumarate metered dose)","282404","Inhaled Corticosteroids with Long-Acting Beta-Adrenoceptor Agonists","2824","Inhaled Long-acting Beta-adrenoceptor Agonists","28","Respiratory System and Allergies","dose",99.8644986449865
"375827","3758","Budesonide with eformoterol","Powder for inhalation 400 mcg with eformoterol fumarate 12 mcg","282404","Inhaled Corticosteroids with Long-Acting Beta-Adrenoceptor Agonists","2824","Inhaled Long-acting Beta-adrenoceptor Agonists","28","Respiratory System and Allergies","dose",99.9371535809366
"421825","4218","Budesonide with glycopyrronium and eformoterol","Aerosol inhaler budesonide 160 mcg with glycopyrronium 7.2 mcg and formoterol 5 mcg per dose","283418","Inhaled Corticosteroid with Long-Acting Muscarinic Antagonist and Beta Agonist","2834","Anticholinergic Agents","28","Respiratory System and Allergies","dose",100
"117101","1171","Bumetanide","Tab 1 mg","73101","Loop Diuretics","731","Diuretics","7","Cardiovascular System","tab",99.9267927977668
"395025","3950","Buprenorphine with naloxone","Tab sublingual 2 mg with naloxone 0.5 mg","223401","Treatments for Substance Dependence","2234","Treatments for Substance Dependence","22","Nervous System","tab",100
"395026","3950","Buprenorphine with naloxone","Tab sublingual 8 mg with naloxone 2 mg","223401","Treatments for Substance Dependence","2234","Treatments for Substance Dependence","22","Nervous System","tab",100
"389225","3892","Bupropion hydrochloride","Tab modified-release 150 mg","223401","Treatments for Substance Dependence","2234","Treatments for Substance Dependence","22","Nervous System","tab",99.9794542108769
"600602","6006","Buspirone hydrochloride","Tab 10 mg","222501","Anxiolytics","2225","Anxiolytics","22","Nervous System","tab",99.997428104489
"600601","6006","Buspirone hydrochloride","Tab 5 mg","222501","Anxiolytics","2225","Anxiolytics","22","Nervous System","tab",99.993086709889
"117301","1173","Busulfan","Tab 2 mg","250101","Alkylating Agents","2501","Chemotherapeutic Agents","25","Oncology Agents and Immunosuppressants","tab",100
"286501","2865","Cabergoline","Tab 0.5 mg","142101","Other Endocrine Agents","1421","Other Endocrine Agents","14","Hormone Preparations - Systemic Excluding Contraceptive Hormones","tab",99.9832368994527
"393325","3933","Caffeine citrate","Oral liq 20 mg per ml (10 mg base per ml)","285601","Respiratory Stimulants","2856","Respiratory Stimulants","28","Respiratory System and Allergies","ml",99.9582463465553
"117901","1179","Calamine","Crm, aqueous, BP","100801","Antipruritic Preparations","1008","Antipruritic Preparations","10","Dermatologicals","g",100
"117902","1179","Calamine","Lotn, BP","100801","Antipruritic Preparations","1008","Antipruritic Preparations","10","Dermatologicals","ml",100
"279605","2796","Calcipotriol","Oint 50 mcg per g","101901","Psoriasis and Eczema Preparations","1019","Psoriasis and Eczema Preparations","10","Dermatologicals","g",99.7598675304011
"118802","1188","Calcitonin","Inj 100 iu per ml, 1 ml ampoule","140404","Calcium Homeostasis","1404","Calcium Homeostasis","14","Hormone Preparations - Systemic Excluding Contraceptive Hormones","inj",97.6314542870677
"118901","1189","Calcitriol","Cap 0.25 mcg","13710","Vitamin D","137","Vitamins","1","Alimentary Tract and Metabolism","cap",99.8674487657691
"118902","1189","Calcitriol","Cap 0.5 mcg","13710","Vitamin D","137","Vitamins","1","Alimentary Tract and Metabolism","cap",99.7378826270785
"119127","1191","Calcium carbonate","Oral liq 1,250 mg per 5 ml (500 mg elemental per 5 ml)","10104","Phosphate Binding Agents","101","Antacids and Antiflatulents","1","Alimentary Tract and Metabolism","ml",99.672780710994
"119102","1191","Calcium carbonate","Tab 1.25 g (500 mg elemental)","13810","Calcium","138","Minerals","1","Alimentary Tract and Metabolism","tab",99.9491955370915
"119128","1191","Calcium carbonate","Tab eff 1.25 g (500 mg elemental)","13810","Calcium","138","Minerals","1","Alimentary Tract and Metabolism","tab",99.1092032856198
"119126","1191","Calcium carbonate","Tab eff 1.75 g (1 g elemental)","13810","Calcium","138","Minerals","1","Alimentary Tract and Metabolism","tab",99.1972170189992
"119830","1198","Calcium folinate","Inj 10 mg per ml, 10 ml vial","250104","Antimetabolites","2501","Chemotherapeutic Agents","25","Oncology Agents and Immunosuppressants","inj",100
"119829","1198","Calcium folinate","Inj 10 mg per ml, 5 ml vial","250104","Antimetabolites","2501","Chemotherapeutic Agents","25","Oncology Agents and Immunosuppressants","inj",2.42955833268649
"119801","1198","Calcium folinate","Tab 15 mg","250104","Antimetabolites","2501","Chemotherapeutic Agents","25","Oncology Agents and Immunosuppressants","tab",100
"119901","1199","Calcium gluconate","Inj 10%, 10 ml ampoule","13810","Calcium","138","Minerals","1","Alimentary Tract and Metabolism","inj",38.6407025582283
"119601","1196","Calcium lactate gluconate with calcium carbonate","Tab eff 2.94 g with calcium carbonate 0.3 g (500 mg elemental)","13810","Calcium","138","Minerals","1","Alimentary Tract and Metabolism","tab",100
"120501","1205","Calcium polystyrene sulphonate","Powder","41004","Oral Administration","410","Fluids and Electrolytes","4","Blood and Blood Forming Organs","g",99.7789742136583
"125403","1254","Candesartan cilexetil","Tab 16 mg","70703","Angiotensin II Antagonists","707","Agents Affecting the Renin-Angiotensin System","7","Cardiovascular System","tab",99.9905651379558
"125425","1254","Candesartan cilexetil","Tab 32 mg","70703","Angiotensin II Antagonists","707","Agents Affecting the Renin-Angiotensin System","7","Cardiovascular System","tab",99.9959273256746
"125401","1254","Candesartan cilexetil","Tab 4 mg","70703","Angiotensin II Antagonists","707","Agents Affecting the Renin-Angiotensin System","7","Cardiovascular System","tab",99.9831062840237
"125402","1254","Candesartan cilexetil","Tab 8 mg","70703","Angiotensin II Antagonists","707","Agents Affecting the Renin-Angiotensin System","7","Cardiovascular System","tab",99.9894502550522
"417825","4178","Candesartan cilexetil with hydrochlorothiazide","Tab 16 mg with hydrochlorothiazide 12.5 mg","70705","Angiotensin II Antagonists with Diuretics","707","Agents Affecting the Renin-Angiotensin System","7","Cardiovascular System","tab",99.9954653059836
"417826","4178","Candesartan cilexetil with hydrochlorothiazide","Tab 32 mg with hydrochlorothiazide 12.5 mg","70705","Angiotensin II Antagonists with Diuretics","707","Agents Affecting the Renin-Angiotensin System","7","Cardiovascular System","tab",99.9901173267968
"380825","3808","Capecitabine","Tab 150 mg","250104","Antimetabolites","2501","Chemotherapeutic Agents","25","Oncology Agents and Immunosuppressants","tab",100
"380826","3808","Capecitabine","Tab 500 mg","250104","Antimetabolites","2501","Chemotherapeutic Agents","25","Oncology Agents and Immunosuppressants","tab",99.9990152474859
"385426","3854","Capsaicin","Crm 0.025%","190501","Topical Products for Joint and Muscular Pain","1905","Topical Products for Joint and Muscular Pain","19","Musculoskeletal System","g",100
"385425","3854","Capsaicin","Crm 0.075%","220404","Non-opioid Analgesics","2204","Analgesics","22","Nervous System","g",99.9827388566042
"284106","2841","Captopril","Oral liq 5 mg per ml","70701","ACE Inhibitors","707","Agents Affecting the Renin-Angiotensin System","7","Cardiovascular System","ml",100
"121703","1217","Carbamazepine","Oral liq 20 mg per ml","220702","Control of Epilepsy","2207","Antiepilepsy Drugs","22","Nervous System","ml",99.9791580289359
"121704","1217","Carbamazepine","Tab 200 mg","220702","Control of Epilepsy","2207","Antiepilepsy Drugs","22","Nervous System","tab",99.9597295508225
"121706","1217","Carbamazepine","Tab 400 mg","220702","Control of Epilepsy","2207","Antiepilepsy Drugs","22","Nervous System","tab",99.937244617377
"121705","1217","Carbamazepine","Tab long-acting 200 mg","220702","Control of Epilepsy","2207","Antiepilepsy Drugs","22","Nervous System","tab",99.9844701205119
"121707","1217","Carbamazepine","Tab long-acting 400 mg","220702","Control of Epilepsy","2207","Antiepilepsy Drugs","22","Nervous System","tab",99.9893993676772
"122101","1221","Carbimazole","Tab 5 mg","141401","Thyroid and Antithyroid Agents","1414","Thyroid and Antithyroid Agents","14","Hormone Preparations - Systemic Excluding Contraceptive Hormones","tab",99.9833441554147
"290701","2907","Carbohydrate and fat supplement","Powder (neutral)","420202","Carbohydrate And Fat","4202","Nutrient Modules","42","Special Foods","g",100
"290801","2908","Carbohydrate supplement","Powder","420201","Carbohydrate","4202","Nutrient Modules","42","Special Foods","g",100
"401425","4014","Carbomer","Ophthalmic gel 0.3%, 0.5 g","310315","Preservative Free Ocular Lubricants","3103","Eye Preparations","31","Sensory Organs","vial",100
"213302","2133","Carmellose sodium with gelatin and pectin","Paste","13101","Agents Used in Mouth Ulceration","131","Mouth and Throat","1","Alimentary Tract and Metabolism","g",99.4008715076131
"213307","2133","Carmellose sodium with gelatin and pectin","Powder","13101","Agents Used in Mouth Ulceration","131","Mouth and Throat","1","Alimentary Tract and Metabolism","g",100
"377226","3772","Carvedilol","Tab 12.5 mg","71601","Beta Adrenoceptor Blockers","716","Beta-Adrenoceptor Blockers","7","Cardiovascular System","tab",99.9799942026828
"377227","3772","Carvedilol","Tab 25 mg","71601","Beta Adrenoceptor Blockers","716","Beta-Adrenoceptor Blockers","7","Cardiovascular System","tab",99.9891632313823
"377225","3772","Carvedilol","Tab 6.25 mg","71601","Beta Adrenoceptor Blockers","716","Beta-Adrenoceptor Blockers","7","Cardiovascular System","tab",99.9697701410077
"324201","3242","Castor oil","Castor oil","380101","Extemporaneously Compounded Preparations and Galenicals","3801","Extemporaneously Compounded Preparations and Galenicals","38","Extemporaneously Compounded Preparations and Galenicals","ml",100
"122801","1228","Cefaclor monohydrate","Cap 250 mg","160301","Cephalosporins and Cephamycins","1603","Antibacterials","16","Infections - Agents for Systemic Use","cap",98.1180392517274
"122802","1228","Cefaclor monohydrate","Grans for oral liq 125 mg per 5 ml","160301","Cephalosporins and Cephamycins","1603","Antibacterials","16","Infections - Agents for Systemic Use","ml",95.1390053826768
"123402","1234","Cefalexin","Cap 250 mg","160301","Cephalosporins and Cephamycins","1603","Antibacterials","16","Infections - Agents for Systemic Use","cap",97.3178518568923
"123425","1234","Cefalexin","Cap 500 mg","160301","Cephalosporins and Cephamycins","1603","Antibacterials","16","Infections - Agents for Systemic Use","cap",98.2961632819749
"123403","1234","Cefalexin","Grans for oral liq 25 mg per ml","160301","Cephalosporins and Cephamycins","1603","Antibacterials","16","Infections - Agents for Systemic Use","ml",95.6501681352962
"123404","1234","Cefalexin","Grans for oral liq 50 mg per ml","160301","Cephalosporins and Cephamycins","1603","Antibacterials","16","Infections - Agents for Systemic Use","ml",97.9966141406973
"123602","1236","Cefazolin","Inj 1 g vial","160301","Cephalosporins and Cephamycins","1603","Antibacterials","16","Infections - Agents for Systemic Use","inj",47.0826580226904
"123625","1236","Cefazolin","Inj 2 g vial","160301","Cephalosporins and Cephamycins","1603","Antibacterials","16","Infections - Agents for Systemic Use","inj",93.9898289412853
"123601","1236","Cefazolin","Inj 500 mg vial","160301","Cephalosporins and Cephamycins","1603","Antibacterials","16","Infections - Agents for Systemic Use","inj",52.9933481152993
"123203","1232","Ceftriaxone","Inj 1 g vial","160301","Cephalosporins and Cephamycins","1603","Antibacterials","16","Infections - Agents for Systemic Use","inj",11.4003486345148
"123202","1232","Ceftriaxone","Inj 500 mg vial","160301","Cephalosporins and Cephamycins","1603","Antibacterials","16","Infections - Agents for Systemic Use","inj",4.54053865475858
"108102","1081","Cefuroxime axetil","Tab 250 mg","160301","Cephalosporins and Cephamycins","1603","Antibacterials","16","Infections - Agents for Systemic Use","tab",99.1011501729695
"408125","4081","Celecoxib","Cap 100 mg","190402","NSAIDs Other","1904","Non-Steroidal Anti-Inflammatory Drugs","19","Musculoskeletal System","cap",99.6364376714847
"408126","4081","Celecoxib","Cap 200 mg","190402","NSAIDs Other","1904","Non-Steroidal Anti-Inflammatory Drugs","19","Musculoskeletal System","cap",99.5374143399598
"251401","2514","Celiprolol","Tab 200 mg","71601","Beta Adrenoceptor Blockers","716","Beta-Adrenoceptor Blockers","7","Cardiovascular System","tab",99.990654132238
"283325","2833","Cetirizine hydrochloride","Oral liq 1 mg per ml","280401","Antihistamines","2804","Antihistamines","28","Respiratory System and Allergies","ml",99.6478613344251
"283301","2833","Cetirizine hydrochloride","Tab 10 mg","280401","Antihistamines","2804","Antihistamines","28","Respiratory System and Allergies","tab",99.8933130284145
"324401","3244","Cetomacrogol","Crm BP","101504","Emollients","1015","Barrier Creams and Emollients","10","Dermatologicals","g",99.6144715695246
"401226","4012","Cetomacrogol with glycerol","Crm 90% with glycerol 10%","101504","Emollients","1015","Barrier Creams and Emollients","10","Dermatologicals","g",99.7962257139434
"401225","4012","Cetomacrogol with glycerol","Crm 90% with glycerol 10%,","101504","Emollients","1015","Barrier Creams and Emollients","10","Dermatologicals","ml",99.7771528263101
"125501","1255","Chlorambucil","Tab 2 mg","250101","Alkylating Agents","2501","Chemotherapeutic Agents","25","Oncology Agents and Immunosuppressants","tab",99.9836659134838
"125901","1259","Chloramphenicol","Eye drops 0.5%","310301","Anti-Infective Preparations","3103","Eye Preparations","31","Sensory Organs","ml",92.6615358795464
"125904","1259","Chloramphenicol","Eye oint 1%","310301","Anti-Infective Preparations","3103","Eye Preparations","31","Sensory Organs","g",83.2208902717939
"124426","1244","Chlorhexidine gluconate","Mouthwash 0.2%","13101","Agents Used in Mouth Ulceration","131","Mouth and Throat","1","Alimentary Tract and Metabolism","ml",98.4909219523697
"124404","1244","Chlorhexidine gluconate","Soln 20%","101301","Disinfecting and Cleansing Agents","1013","Disinfecting and Cleansing Agents","10","Dermatologicals","ml",100
"124402","1244","Chlorhexidine gluconate","Soln 4% wash","101301","Disinfecting and Cleansing Agents","1013","Disinfecting and Cleansing Agents","10","Dermatologicals","ml",100
"325701","3257","Chloroform","Chloroform BP","380101","Extemporaneously Compounded Preparations and Galenicals","3801","Extemporaneously Compounded Preparations and Galenicals","38","Extemporaneously Compounded Preparations and Galenicals","ml",99.6982803943656
"128202","1282","Chlorothiazide","Oral liq 50 mg per ml","73110","Thiazide and Related Diuretics","731","Diuretics","7","Cardiovascular System","ml",100
"246903","2469","Chlorpheniramine maleate","Oral liq 2 mg per 5 ml","280401","Antihistamines","2804","Antihistamines","28","Respiratory System and Allergies","ml",99.5159765400723
"128306","1283","Chlorpromazine hydrochloride","Inj 25 mg per ml, 2 ml","222201","General","2222","Antipsychotics","22","Nervous System","inj",0.942915392456677
"128301","1283","Chlorpromazine hydrochloride","Tab 10 mg","222201","General","2222","Antipsychotics","22","Nervous System","tab",99.4761083830614
"128304","1283","Chlorpromazine hydrochloride","Tab 100 mg","222201","General","2222","Antipsychotics","22","Nervous System","tab",99.8301325230239
"128302","1283","Chlorpromazine hydrochloride","Tab 25 mg","222201","General","2222","Antipsychotics","22","Nervous System","tab",99.3972255978336
"129001","1290","Chlortalidone [Chlorthalidone]","Tab 25 mg","73110","Thiazide and Related Diuretics","731","Diuretics","7","Cardiovascular System","tab",99.9958620093313
"601401","6014","Choline salicylate with cetalkonium chloride","Adhesive gel 8.7% with cetalkonium chloride 0.01%","13101","Agents Used in Mouth Ulceration","131","Mouth and Throat","1","Alimentary Tract and Metabolism","g",98.4092289010322
"239425","2394","Ciclopirox olamine","Nail-soln 8%","100701","Antifungals Topical","1007","Antifungals Topical","10","Dermatologicals","ml",100
"242101","2421","Ciclosporin","Cap 100 mg","250706","Other Immunosuppressants","2507","Immunosuppressants","25","Oncology Agents and Immunosuppressants","cap",99.9944313544682
"242102","2421","Ciclosporin","Cap 25 mg","250706","Other Immunosuppressants","2507","Immunosuppressants","25","Oncology Agents and Immunosuppressants","cap",99.9922905962986
"242125","2421","Ciclosporin","Cap 50 mg","250706","Other Immunosuppressants","2507","Immunosuppressants","25","Oncology Agents and Immunosuppressants","cap",99.9898770423134
"242103","2421","Ciclosporin","Oral liq 100 mg per ml","250706","Other Immunosuppressants","2507","Immunosuppressants","25","Oncology Agents and Immunosuppressants","ml",100
"277001","2770","Cilazapril","Tab 0.5 mg","70701","ACE Inhibitors","707","Agents Affecting the Renin-Angiotensin System","7","Cardiovascular System","tab",99.973576608781
"277002","2770","Cilazapril","Tab 2.5 mg","70701","ACE Inhibitors","707","Agents Affecting the Renin-Angiotensin System","7","Cardiovascular System","tab",99.9777314258533
"277003","2770","Cilazapril","Tab 5 mg","70701","ACE Inhibitors","707","Agents Affecting the Renin-Angiotensin System","7","Cardiovascular System","tab",99.98912864094
"112701","1127","Cilazapril with hydrochlorothiazide","Tab 5 mg with hydrochlorothiazide 12.5 mg","70702","ACE Inhibitors with Diuretics","707","Agents Affecting the Renin-Angiotensin System","7","Cardiovascular System","tab",99.992292112082
"406225","4062","Cinacalcet","Tab 30 mg","140404","Calcium Homeostasis","1404","Calcium Homeostasis","14","Hormone Preparations - Systemic Excluding Contraceptive Hormones","tab",100
"406226","4062","Cinacalcet","Tab 60 mg","140404","Calcium Homeostasis","1404","Calcium Homeostasis","14","Hormone Preparations - Systemic Excluding Contraceptive Hormones","tab",100
"281904","2819","Ciprofloxacin","Eye drops 0.3%","310301","Anti-Infective Preparations","3103","Eye Preparations","31","Sensory Organs","ml",91.7438983562919
"281901","2819","Ciprofloxacin","Tab 250 mg","160313","Other Antibiotics","1603","Antibacterials","16","Infections - Agents for Systemic Use","tab",95.4747903702458
"281902","2819","Ciprofloxacin","Tab 500 mg","160313","Other Antibiotics","1603","Antibacterials","16","Infections - Agents for Systemic Use","tab",97.6921846041107
"281903","2819","Ciprofloxacin","Tab 750 mg","160313","Other Antibiotics","1603","Antibacterials","16","Infections - Agents for Systemic Use","tab",99.6825976935471
"119301","1193","Citalopram hydrobromide","Tab 20 mg","220507","Selective Serotonin Reuptake Inhibitors","2205","Antidepressants","22","Nervous System","tab",99.9874315141259
"419425","4194","Citrulline","Powder, 4 g sachets","421220","Single dose amino acids","4212","Foods And Supplements For Inherited Metabolic Disease","42","Special Foods","sach",100
"280926","2809","Clarithromycin","Grans for oral liq 250 mg per 5 ml","160304","Macrolides","1603","Antibacterials","16","Infections - Agents for Systemic Use","ml",99.8861571668617
"280901","2809","Clarithromycin","Tab 250 mg","160304","Macrolides","1603","Antibacterials","16","Infections - Agents for Systemic Use","tab",99.9712615830858
"280925","2809","Clarithromycin","Tab 500 mg","11002","Helicobacter Pylori Eradication","110","Antiulcerants","1","Alimentary Tract and Metabolism","tab",99.9517231609669
"130301","1303","Clindamycin","Cap hydrochloride 150 mg","160313","Other Antibiotics","1603","Antibacterials","16","Infections - Agents for Systemic Use","cap",99.008688500456
"130303","1303","Clindamycin","Inj 150 mg per ml, 4 ml ampoule","160313","Other Antibiotics","1603","Antibacterials","16","Infections - Agents for Systemic Use","inj",4.03844286962431
"130801","1308","Clobazam","Tab 10 mg","220702","Control of Epilepsy","2207","Antiepilepsy Drugs","22","Nervous System","tab",99.9868752957094
"130903","1309","Clobetasol propionate","Crm 0.05%","101101","Corticosteroids - Plain","1011","Corticosteroids Topical","10","Dermatologicals","g",99.9118931058011
"130904","1309","Clobetasol propionate","Oint 0.05%","101101","Corticosteroids - Plain","1011","Corticosteroids Topical","10","Dermatologicals","g",99.9366122412327
"130902","1309","Clobetasol propionate","Scalp app 0.05%","102201","Scalp Preparations","1022","Scalp Preparations","10","Dermatologicals","ml",99.9955518982274
"131002","1310","Clobetasone butyrate","Crm 0.05%","101101","Corticosteroids - Plain","1011","Corticosteroids Topical","10","Dermatologicals","g",99.9808746653066
"131201","1312","Clofazimine","Cap 50 mg","161601","Antituberculotics and Antileprotics","1616","Antituberculotics and Antileprotics","16","Infections - Agents for Systemic Use","cap",100
"131401","1314","Clomifene citrate","Tab 50 mg","142101","Other Endocrine Agents","1421","Other Endocrine Agents","14","Hormone Preparations - Systemic Excluding Contraceptive Hormones","tab",99.9979199124699
"131526","1315","Clomipramine hydrochloride","Cap 10 mg","220501","Cyclic and Related Agents","2205","Antidepressants","22","Nervous System","cap",99.9736376385375
"131525","1315","Clomipramine hydrochloride","Cap 25 mg","220501","Cyclic and Related Agents","2205","Antidepressants","22","Nervous System","cap",100
"131501","1315","Clomipramine hydrochloride","Tab 10 mg","220501","Cyclic and Related Agents","2205","Antidepressants","22","Nervous System","tab",99.9951160865527
"131502","1315","Clomipramine hydrochloride","Tab 25 mg","220501","Cyclic and Related Agents","2205","Antidepressants","22","Nervous System","tab",99.9920234109915
"131604","1316","Clonazepam","Inj 1 mg per ml, 1 ml","220701","Agents for Control of Status Epilepticus","2207","Antiepilepsy Drugs","22","Nervous System","inj",64.5577628748576
"131603","1316","Clonazepam","Oral drops 2.5 mg per ml","220702","Control of Epilepsy","2207","Antiepilepsy Drugs","22","Nervous System","ml",98.8775645101384
"131602","1316","Clonazepam","Tab 2 mg","222501","Anxiolytics","2225","Anxiolytics","22","Nervous System","tab",99.955065953701
"131601","1316","Clonazepam","Tab 500 mcg","222501","Anxiolytics","2225","Anxiolytics","22","Nervous System","tab",99.9240999887126
"131702","1317","Clonidine","Patch 2.5 mg, 100 mcg per day","72801","Centrally-Acting Agents","728","Centrally-Acting Agents","7","Cardiovascular System","patch",100
"131703","1317","Clonidine","Patch 5 mg, 200 mcg per day","72801","Centrally-Acting Agents","728","Centrally-Acting Agents","7","Cardiovascular System","patch",100
"131704","1317","Clonidine","Patch 7.5 mg, 300 mcg per day","72801","Centrally-Acting Agents","728","Centrally-Acting Agents","7","Cardiovascular System","patch",100
"131805","1318","Clonidine hydrochloride","Inj 150 mcg per ml, 1 ml ampoule","72801","Centrally-Acting Agents","728","Centrally-Acting Agents","7","Cardiovascular System","inj",2.75229357798165
"131801","1318","Clonidine hydrochloride","Tab 150 mcg","72801","Centrally-Acting Agents","728","Centrally-Acting Agents","7","Cardiovascular System","tab",99.7613232455016
"131808","1318","Clonidine hydrochloride","Tab 25 mcg","72801","Centrally-Acting Agents","728","Centrally-Acting Agents","7","Cardiovascular System","tab",99.9611752403748
"386025","3860","Clopidogrel","Tab 75 mg","40701","Antiplatelet Agents","407","Antithrombotic Agents","4","Blood and Blood Forming Organs","tab",99.9069944981475
"132007","1320","Clotrimazole","Crm 1%","100701","Antifungals Topical","1007","Antifungals Topical","10","Dermatologicals","g",100
"132006","1320","Clotrimazole","Soln 1%","100701","Antifungals Topical","1007","Antifungals Topical","10","Dermatologicals","ml",100
"132003","1320","Clotrimazole","Vaginal crm 1% with applicators","131001","Gynaecological Anti-infectives","1310","Gynaecological Anti-infectives","13","Genito-Urinary System","g",97.9449754009423
"132004","1320","Clotrimazole","Vaginal crm 2% with applicators","131001","Gynaecological Anti-infectives","1310","Gynaecological Anti-infectives","13","Genito-Urinary System","g",97.888549455894
"107827","1078","Clozapine","Suspension 50 mg per ml","222201","General","2222","Antipsychotics","22","Nervous System","ml",100
"107802","1078","Clozapine","Tab 100 mg","222201","General","2222","Antipsychotics","22","Nervous System","tab",99.9985847504616
"107826","1078","Clozapine","Tab 200 mg","222201","General","2222","Antipsychotics","22","Nervous System","tab",100
"107801","1078","Clozapine","Tab 25 mg","222201","General","2222","Antipsychotics","22","Nervous System","tab",99.9968841086237
"107825","1078","Clozapine","Tab 50 mg","222201","General","2222","Antipsychotics","22","Nervous System","tab",100
"326405","3264","Coal tar","Soln BP","101901","Psoriasis and Eczema Preparations","1019","Psoriasis and Eczema Preparations","10","Dermatologicals","ml",99.9966817364989
"132401","1324","Coal tar with allantoin, menthol, phenol and sulphur","Soln 5% with sulphur 0.5%, menthol 0.75%, phenol 0.5% and allantoin crm 2.5%","101901","Psoriasis and Eczema Preparations","1019","Psoriasis and Eczema Preparations","10","Dermatologicals","g",100
"377625","3776","Coal tar with salicylic acid and sulphur","Soln 12% with salicylic acid 2% and sulphur 4% oint","101901","Psoriasis and Eczema Preparations","1019","Psoriasis and Eczema Preparations","10","Dermatologicals","g",99.823341477166
"133205","1332","Codeine phosphate","Powder","380101","Extemporaneously Compounded Preparations and Galenicals","3801","Extemporaneously Compounded Preparations and Galenicals","38","Extemporaneously Compounded Preparations and Galenicals","g",98.0606109800147
"133201","1332","Codeine phosphate","Tab 15 mg","220407","Opioid Analgesics","2204","Analgesics","22","Nervous System","tab",99.7252119352927
"133202","1332","Codeine phosphate","Tab 30 mg","220407","Opioid Analgesics","2204","Analgesics","22","Nervous System","tab",99.4959839665753
"133203","1332","Codeine phosphate","Tab 60 mg","220407","Opioid Analgesics","2204","Analgesics","22","Nervous System","tab",99.3491617097004
"134125","1341","Colchicine","Tab 500 mcg","191301","Hyperuricaemia and Antigout","1913","Hyperuricaemia and Antigout","19","Musculoskeletal System","tab",99.8828891447349
"118725","1187","Colecalciferol","Cap 1.25 mg (50,000 iu)","13710","Vitamin D","137","Vitamins","1","Alimentary Tract and Metabolism","cap",99.8524306818376
"118726","1187","Colecalciferol","Oral liq 188 mcg per ml (7,500 iu per ml)","13710","Vitamin D","137","Vitamins","1","Alimentary Tract and Metabolism","ml",99.5957165181234
"134501","1345","Colestipol hydrochloride","Grans for oral liq 5 g","73203","Resins","732","Lipid-Modifying Agents","7","Cardiovascular System","sach",99.9700091346637
"418125","4181","Colestyramine","Powder for oral suspension 4 g sachet","73203","Resins","732","Lipid-Modifying Agents","7","Cardiovascular System","sach",99.9881495786517
"134601","1346","Colistin sulphomethate","Inj 150 mg","160313","Other Antibiotics","1603","Antibacterials","16","Infections - Agents for Systemic Use","inj",100
"134625","1346","Colistin sulphomethate","Inj 2 million iu, 10 ml vial","160313","Other Antibiotics","1603","Antibacterials","16","Infections - Agents for Systemic Use","vial",100
"327001","3270","Collodion flexible","Collodion flexible","380101","Extemporaneously Compounded Preparations and Galenicals","3801","Extemporaneously Compounded Preparations and Galenicals","38","Extemporaneously Compounded Preparations and Galenicals","ml",100
"406325","4063","Colloidal bismuth subcitrate","Tab 120 mg","11013","Site Protective Agents","110","Antiulcerants","1","Alimentary Tract and Metabolism","tab",100
"144625","1446","Compound electrolytes","Powder for oral soln ","41004","Oral Administration","410","Fluids and Electrolytes","4","Blood and Blood Forming Organs","sach",97.6643002205246
"139426","1394","Compound electrolytes with glucose [Dextrose]","Soln with electrolytes","41004","Oral Administration","410","Fluids and Electrolytes","4","Blood and Blood Forming Organs","btl",99.3524236612574
"139425","1394","Compound electrolytes with glucose [Dextrose]","Soln with electrolytes (2 x 500 ml),","41004","Oral Administration","410","Fluids and Electrolytes","4","Blood and Blood Forming Organs","btl",97.9683972911964
"139401","1394","Compound electrolytes with glucose [Dextrose]","Soln with electrolytes,","41004","Oral Administration","410","Fluids and Electrolytes","4","Blood and Blood Forming Organs","ml",97.3921336817112
"123901","1239","Compound hydroxybenzoate","Soln","380101","Extemporaneously Compounded Preparations and Galenicals","3801","Extemporaneously Compounded Preparations and Galenicals","38","Extemporaneously Compounded Preparations and Galenicals","ml",99.5916837125502
"603925","6039","Condoms","49 mm","130101","Condoms","1301","Contraceptives - Non-hormonal","13","Genito-Urinary System","dev",47.9488161627703
"603903","6039","Condoms","53 mm","130101","Condoms","1301","Contraceptives - Non-hormonal","13","Genito-Urinary System","dev",76.6097656147684
"603933","6039","Condoms","53 mm, 0.05 mm thickness","130101","Condoms","1301","Contraceptives - Non-hormonal","13","Genito-Urinary System","dev",79.0137461905789
"603935","6039","Condoms","53 mm, chocolate, brown","130101","Condoms","1301","Contraceptives - Non-hormonal","13","Genito-Urinary System","dev",43.6536517204948
"603934","6039","Condoms","53 mm, strawberry, red","130101","Condoms","1301","Contraceptives - Non-hormonal","13","Genito-Urinary System","dev",43.5294888812415
"603932","6039","Condoms","56 mm","130101","Condoms","1301","Contraceptives - Non-hormonal","13","Genito-Urinary System","dev",81.5689178126978
"603938","6039","Condoms","56 mm, 0.05 mm thickness","130101","Condoms","1301","Contraceptives - Non-hormonal","13","Genito-Urinary System","dev",69.5709545721796
"603942","6039","Condoms","56 mm, 0.05mm thickness (bulk pack)","130101","Condoms","1301","Contraceptives - Non-hormonal","13","Genito-Urinary System","dev",72.3302690574936
"603936","6039","Condoms","56 mm, 0.08 mm thickness","130101","Condoms","1301","Contraceptives - Non-hormonal","13","Genito-Urinary System","dev",77.8043218936091
"603937","6039","Condoms","56 mm, 0.08 mm thickness, red","130101","Condoms","1301","Contraceptives - Non-hormonal","13","Genito-Urinary System","dev",58.6228358626985
"603939","6039","Condoms","56 mm, chocolate","130101","Condoms","1301","Contraceptives - Non-hormonal","13","Genito-Urinary System","dev",31.7951992510992
"603940","6039","Condoms","56 mm, strawberry","130101","Condoms","1301","Contraceptives - Non-hormonal","13","Genito-Urinary System","dev",23.5759192399825
"603930","6039","Condoms","60 mm","130101","Condoms","1301","Contraceptives - Non-hormonal","13","Genito-Urinary System","dev",55.0668435649529
"603941","6039","Condoms","60 mm (bulk pack)","130101","Condoms","1301","Contraceptives - Non-hormonal","13","Genito-Urinary System","dev",56.1689086501626
"421225","4212","Continuous glucose monitor (interoperable)","Sensor (9) and transmitter (Dexcom G6)","11517","Continuous Glucose Monitor","115","Diabetes Management","1","Alimentary Tract and Metabolism","dev",100
"421226","4212","Continuous glucose monitor (interoperable)","Sensor (Dexcom G7)","11517","Continuous Glucose Monitor","115","Diabetes Management","1","Alimentary Tract and Metabolism","dev",100
"421227","4212","Continuous glucose monitor (interoperable)","Sensor (Freestyle Libre 3 Plus)","11517","Continuous Glucose Monitor","115","Diabetes Management","1","Alimentary Tract and Metabolism","dev",100
"421125","4211","Continuous glucose monitor (standalone)","Sensor (Dexcom ONE+)","11517","Continuous Glucose Monitor","115","Diabetes Management","1","Alimentary Tract and Metabolism","dev",100
"421127","4211","Continuous glucose monitor (standalone)","Sensor (Freestyle Libre 2 Plus)","11517","Continuous Glucose Monitor","115","Diabetes Management","1","Alimentary Tract and Metabolism","dev",100
"421126","4211","Continuous glucose monitor (standalone)","Sensor (Freestyle Libre 2)","11517","Continuous Glucose Monitor","115","Diabetes Management","1","Alimentary Tract and Metabolism","dev",100
"422325","4223","Crizotinib","Cap 200 mg","250109","Protein-tyrosine Kinase Inhibitors","2501","Chemotherapeutic Agents","25","Oncology Agents and Immunosuppressants","cap",100
"422326","4223","Crizotinib","Cap 250 mg","250109","Protein-tyrosine Kinase Inhibitors","2501","Chemotherapeutic Agents","25","Oncology Agents and Immunosuppressants","cap",100
"136301","1363","Crotamiton","Crm 10%","100801","Antipruritic Preparations","1008","Antipruritic Preparations","10","Dermatologicals","g",100
"601001","6010","Cyclizine hydrochloride","Tab 50 mg","221601","Antinausea and Vertigo Agents","2216","Antinausea and Vertigo Agents","22","Nervous System","tab",99.4541774088496
"601101","6011","Cyclizine lactate","Inj 50 mg per ml, 1 ml ampoule","221601","Antinausea and Vertigo Agents","2216","Antinausea and Vertigo Agents","22","Nervous System","inj",56.0445369652743
"137001","1370","Cyclopentolate hydrochloride","Eye drops 1%","310310","Mydriatics and Cycloplegics","3103","Eye Preparations","31","Sensory Organs","ml",84.6402788150361
"137025","1370","Cyclopentolate hydrochloride","Eye drops 1%, single dose (preservative free)","310310","Mydriatics and Cycloplegics","3103","Eye Preparations","31","Sensory Organs","dose",100
"136902","1369","Cyclophosphamide","Inj 1 g vial","250101","Alkylating Agents","2501","Chemotherapeutic Agents","25","Oncology Agents and Immunosuppressants","inj",100
"136901","1369","Cyclophosphamide","Tab 50 mg","250101","Alkylating Agents","2501","Chemotherapeutic Agents","25","Oncology Agents and Immunosuppressants","tab",99.9990180964818
"399425","3994","Cycloserine","Cap 250 mg","161601","Antituberculotics and Antileprotics","1616","Antituberculotics and Antileprotics","16","Infections - Agents for Systemic Use","cap",100
"270725","2707","Cyproterone acetate","Tab 100 mg","141001","Androgen Agonists and Antagonists","1410","Sex Hormones Non Contraceptive","14","Hormone Preparations - Systemic Excluding Contraceptive Hormones","tab",100
"270701","2707","Cyproterone acetate","Tab 50 mg","141001","Androgen Agonists and Antagonists","1410","Sex Hormones Non Contraceptive","14","Hormone Preparations - Systemic Excluding Contraceptive Hormones","tab",99.9947826547709
"270602","2706","Cyproterone acetate with ethinyloestradiol","Tab 2 mg with ethinyloestradiol 35 mcg and 7 inert tabs","130902","Antiandrogen Oral Contraceptives","1309","Antiandrogen Oral Contraceptives","13","Genito-Urinary System","tab",99.0008144281843
"393726","3937","Dabigatran","Cap 110 mg","40707","Oral Anticoagulants","407","Antithrombotic Agents","4","Blood and Blood Forming Organs","cap",99.9680239049278
"393727","3937","Dabigatran","Cap 150 mg","40707","Oral Anticoagulants","407","Antithrombotic Agents","4","Blood and Blood Forming Organs","cap",99.9887593480804
"393725","3937","Dabigatran","Cap 75 mg","40707","Oral Anticoagulants","407","Antithrombotic Agents","4","Blood and Blood Forming Organs","cap",99.9513252054406
"422825","4228","Dabrafenib","Cap 50 mg","250109","Protein-tyrosine Kinase Inhibitors","2501","Chemotherapeutic Agents","25","Oncology Agents and Immunosuppressants","cap",100
"422826","4228","Dabrafenib","Cap 75 mg","250109","Protein-tyrosine Kinase Inhibitors","2501","Chemotherapeutic Agents","25","Oncology Agents and Immunosuppressants","cap",100
"397628","3976","Dalteparin sodium","Inj 10,000 iu per 1 ml graduated syringe","40704","Heparin and Antagonist Preparations","407","Antithrombotic Agents","4","Blood and Blood Forming Organs","inj",100
"137201","1372","Danazol","Cap 100 mg","142101","Other Endocrine Agents","1421","Other Endocrine Agents","14","Hormone Preparations - Systemic Excluding Contraceptive Hormones","cap",100
"137202","1372","Danazol","Cap 200 mg","142101","Other Endocrine Agents","1421","Other Endocrine Agents","14","Hormone Preparations - Systemic Excluding Contraceptive Hormones","cap",100
"137301","1373","Dantrolene","Cap 25 mg","191601","Muscle Relaxants","1916","Muscle Relaxants","19","Musculoskeletal System","cap",99.9907325630858
"137302","1373","Dantrolene","Cap 50 mg","191601","Muscle Relaxants","1916","Muscle Relaxants","19","Musculoskeletal System","cap",100
"137401","1374","Dapsone","Tab 100 mg","161601","Antituberculotics and Antileprotics","1616","Antituberculotics and Antileprotics","16","Infections - Agents for Systemic Use","tab",99.9963824607226
"137425","1374","Dapsone","Tab 25 mg","161601","Antituberculotics and Antileprotics","1616","Antituberculotics and Antileprotics","16","Infections - Agents for Systemic Use","tab",99.9886223272303
"391926","3919","Darunavir","Tab 400 mg","162005","Protease Inhibitors","1620","Antiretrovirals","16","Infections - Agents for Systemic Use","tab",100
"391927","3919","Darunavir","Tab 600 mg","162005","Protease Inhibitors","1620","Antiretrovirals","16","Infections - Agents for Systemic Use","tab",100
"389425","3894","Dasatinib","Tab 20 mg","250109","Protein-tyrosine Kinase Inhibitors","2501","Chemotherapeutic Agents","25","Oncology Agents and Immunosuppressants","tab",100
"389426","3894","Dasatinib","Tab 50 mg","250109","Protein-tyrosine Kinase Inhibitors","2501","Chemotherapeutic Agents","25","Oncology Agents and Immunosuppressants","tab",100
"389427","3894","Dasatinib","Tab 70 mg","250109","Protein-tyrosine Kinase Inhibitors","2501","Chemotherapeutic Agents","25","Oncology Agents and Immunosuppressants","tab",100
"410126","4101","Denosumab","Inj 120 mg per 1.7 ml vial","190806","Other Treatments","1908","Drugs Affecting Bone Metabolism","19","Musculoskeletal System","inj",100
"410125","4101","Denosumab","Inj 60 mg per 1 ml prefilled syringe","190806","Other Treatments","1908","Drugs Affecting Bone Metabolism","19","Musculoskeletal System","inj",100
"137801","1378","Desferrioxamine mesilate","Inj 500 mg vial","350408","Removal and Elimination","3504","Agents Used in the Treatment of Poisonings","35","Various","inj",99.6356747303993
"413425","4134","Desmopressin","Wafer 120 mcg","141901","Vasopressin Agonists","1419","Vasopressin Agonists","14","Hormone Preparations - Systemic Excluding Contraceptive Hormones","tab",100
"242403","2424","Desmopressin acetate","Inj 4 mcg per ml, 1 ml","141901","Vasopressin Agonists","1419","Vasopressin Agonists","14","Hormone Preparations - Systemic Excluding Contraceptive Hormones","inj",92.3775103700357
"242402","2424","Desmopressin acetate","Nasal drops 100 mcg per ml","141901","Vasopressin Agonists","1419","Vasopressin Agonists","14","Hormone Preparations - Systemic Excluding Contraceptive Hormones","ml",99.881411206641
"242425","2424","Desmopressin acetate","Nasal spray 10 mcg per dose","141901","Vasopressin Agonists","1419","Vasopressin Agonists","14","Hormone Preparations - Systemic Excluding Contraceptive Hormones","ml",99.9535198735741
"242428","2424","Desmopressin acetate","Nasal spray 10 mcg per dose, 6 ml","141901","Vasopressin Agonists","1419","Vasopressin Agonists","14","Hormone Preparations - Systemic Excluding Contraceptive Hormones","actua",99.9570999571
"242426","2424","Desmopressin acetate","Tab 100 mcg","141901","Vasopressin Agonists","1419","Vasopressin Agonists","14","Hormone Preparations - Systemic Excluding Contraceptive Hormones","tab",99.9927933223375
"242427","2424","Desmopressin acetate","Tab 200 mcg","141901","Vasopressin Agonists","1419","Vasopressin Agonists","14","Hormone Preparations - Systemic Excluding Contraceptive Hormones","tab",100
"422625","4226","Desogestrel","Tab 75 mcg","130804","Progestogen-only Contraceptives","1308","Contraceptives - Hormonal","13","Genito-Urinary System","tab",95.1067470109474
"138303","1383","Dexamethasone","Eye drops 0.1%","310304","Corticosteroids and Other Anti-Inflammatory Preparations","3103","Eye Preparations","31","Sensory Organs","ml",87.4942837742333
"138306","1383","Dexamethasone","Eye oint 0.1%","310304","Corticosteroids and Other Anti-Inflammatory Preparations","3103","Eye Preparations","31","Sensory Organs","g",99.1721786286512
"138326","1383","Dexamethasone","Ocular implant 700 mcg","310304","Corticosteroids and Other Anti-Inflammatory Preparations","3103","Eye Preparations","31","Sensory Organs","each",100
"138305","1383","Dexamethasone","Oral liq 1 mg per ml","140701","Corticosteroids and Related Agents for Systemic Use","1407","Corticosteroids and Related Agents for Systemic Use","14","Hormone Preparations - Systemic Excluding Contraceptive Hormones","ml",98.8577201025721
"138325","1383","Dexamethasone","Tab 0.5 mg","140701","Corticosteroids and Related Agents for Systemic Use","1407","Corticosteroids and Related Agents for Systemic Use","14","Hormone Preparations - Systemic Excluding Contraceptive Hormones","tab",98.9973814485469
"138302","1383","Dexamethasone","Tab 4 mg","140701","Corticosteroids and Related Agents for Systemic Use","1407","Corticosteroids and Related Agents for Systemic Use","14","Hormone Preparations - Systemic Excluding Contraceptive Hormones","tab",97.80627681185
"138501","1385","Dexamethasone phosphate","Inj 4 mg per ml, 1 ml ampoule","140701","Corticosteroids and Related Agents for Systemic Use","1407","Corticosteroids and Related Agents for Systemic Use","14","Hormone Preparations - Systemic Excluding Contraceptive Hormones","inj",27.7948212335709
"138502","1385","Dexamethasone phosphate","Inj 4 mg per ml, 2 ml ampoule","140701","Corticosteroids and Related Agents for Systemic Use","1407","Corticosteroids and Related Agents for Systemic Use","14","Hormone Preparations - Systemic Excluding Contraceptive Hormones","inj",5.17476293805423
"138101","1381","Dexamethasone with framycetin and gramicidin","Ear/Eye drops 500 mcg with framycetin sulphate 5 mg and gramicidin 50 mcg per ml","310201","Ear/Eye Preparations","3102","Ear/Eye Preparations","31","Sensory Organs","ml",98.7862612163018
"106401","1064","Dexamethasone with neomycin sulphate and polymyxin B sulphate","Eye drops 0.1% with neomycin sulphate 0.35% and polymyxin b sulphate 6,000 u per ml","310304","Corticosteroids and Other Anti-Inflammatory Preparations","3103","Eye Preparations","31","Sensory Organs","ml",84.3482652703622
"106402","1064","Dexamethasone with neomycin sulphate and polymyxin B sulphate","Eye oint 0.1% with neomycin sulphate 0.35% and polymyxin b sulphate 6,000 u per g","310304","Corticosteroids and Other Anti-Inflammatory Preparations","3103","Eye Preparations","31","Sensory Organs","g",85.5710046520066
"138901","1389","Dexamfetamine sulfate","Tab 5 mg","223101","Stimulants/ADHD Treatments","2231","Stimulants/ADHD Treatments","22","Nervous System","tab",100
"247103","2471","Dextrochlorpheniramine maleate","Oral liq 2 mg per 5 ml","280401","Antihistamines","2804","Antihistamines","28","Respiratory System and Allergies","ml",99.6521860109214
"247101","2471","Dextrochlorpheniramine maleate","Tab 2 mg","280401","Antihistamines","2804","Antihistamines","28","Respiratory System and Allergies","tab",99.9211232425859
"290901","2909","Diabetic enteral feed 1kcal/ml","Liquid","420603","Diabetic Products","4206","Oral and Enteral Feeds","42","Special Foods","ml",100
"290925","2909","Diabetic enteral feed 1kcal/ml","Liquid, 500 ml bottle","420603","Diabetic Products","4206","Oral and Enteral Feeds","42","Special Foods","btl",100
"293003","2930","Diabetic oral feed 1kcal/ml","Liquid (strawberry)","420603","Diabetic Products","4206","Oral and Enteral Feeds","42","Special Foods","ml",100
"293025","2930","Diabetic oral feed 1kcal/ml","Liquid (strawberry), 200 ml bottle","420603","Diabetic Products","4206","Oral and Enteral Feeds","42","Special Foods","btl",100
"293004","2930","Diabetic oral feed 1kcal/ml","Liquid (vanilla)","420603","Diabetic Products","4206","Oral and Enteral Feeds","42","Special Foods","ml",100
"293026","2930","Diabetic oral feed 1kcal/ml","Liquid (vanilla), 200 ml bottle","420603","Diabetic Products","4206","Oral and Enteral Feeds","42","Special Foods","btl",100
"139706","1397","Diazepam","Inj 5 mg per ml, 2 ml ampoule","220701","Agents for Control of Status Epilepticus","2207","Antiepilepsy Drugs","22","Nervous System","inj",0
"139704","1397","Diazepam","Rectal tubes 5 mg","220701","Agents for Control of Status Epilepticus","2207","Antiepilepsy Drugs","22","Nervous System","tube",74.6747646611706
"139701","1397","Diazepam","Tab 2 mg","222501","Anxiolytics","2225","Anxiolytics","22","Nervous System","tab",99.742304248999
"139702","1397","Diazepam","Tab 5 mg","222501","Anxiolytics","2225","Anxiolytics","22","Nervous System","tab",99.7607408513145
"399625","3996","Diazoxide","Cap 100 mg","11301","Hyperglycaemic Agents","113","Diabetes","1","Alimentary Tract and Metabolism","cap",100
"399626","3996","Diazoxide","Cap 25 mg","11301","Hyperglycaemic Agents","113","Diabetes","1","Alimentary Tract and Metabolism","cap",100
"399627","3996","Diazoxide","Oral liq 50 mg per ml","11301","Hyperglycaemic Agents","113","Diabetes","1","Alimentary Tract and Metabolism","ml",100
"140110","1401","Diclofenac sodium","Eye drops 0.1%","310304","Corticosteroids and Other Anti-Inflammatory Preparations","3103","Eye Preparations","31","Sensory Organs","ml",89.4090775518927
"140125","1401","Diclofenac sodium","Eye drops 0.1%, single dose","310304","Corticosteroids and Other Anti-Inflammatory Preparations","3103","Eye Preparations","31","Sensory Organs","dose",97.8189803697521
"140105","1401","Diclofenac sodium","Inj 25 mg per ml, 3 ml ampoule","190401","Non-Steroidal Anti-Inflammatory Drugs","1904","Non-Steroidal Anti-Inflammatory Drugs","19","Musculoskeletal System","inj",9.93479958080421
"140109","1401","Diclofenac sodium","Suppos 100 mg","190401","Non-Steroidal Anti-Inflammatory Drugs","1904","Non-Steroidal Anti-Inflammatory Drugs","19","Musculoskeletal System","supp",98.1902610120457
"140106","1401","Diclofenac sodium","Suppos 12.5 mg","190401","Non-Steroidal Anti-Inflammatory Drugs","1904","Non-Steroidal Anti-Inflammatory Drugs","19","Musculoskeletal System","supp",93.974339392088
"140107","1401","Diclofenac sodium","Suppos 25 mg","190401","Non-Steroidal Anti-Inflammatory Drugs","1904","Non-Steroidal Anti-Inflammatory Drugs","19","Musculoskeletal System","supp",93.6139233306791
"140108","1401","Diclofenac sodium","Suppos 50 mg","190401","Non-Steroidal Anti-Inflammatory Drugs","1904","Non-Steroidal Anti-Inflammatory Drugs","19","Musculoskeletal System","supp",93.0707554640481
"140111","1401","Diclofenac sodium","Tab 50 mg dispersible","190401","Non-Steroidal Anti-Inflammatory Drugs","1904","Non-Steroidal Anti-Inflammatory Drugs","19","Musculoskeletal System","tab",99.5320101422379
"140101","1401","Diclofenac sodium","Tab EC 25 mg","190401","Non-Steroidal Anti-Inflammatory Drugs","1904","Non-Steroidal Anti-Inflammatory Drugs","19","Musculoskeletal System","tab",99.287248828665
"140102","1401","Diclofenac sodium","Tab EC 50 mg","190401","Non-Steroidal Anti-Inflammatory Drugs","1904","Non-Steroidal Anti-Inflammatory Drugs","19","Musculoskeletal System","tab",98.8846729412268
"140112","1401","Diclofenac sodium","Tab long-acting 100 mg","190401","Non-Steroidal Anti-Inflammatory Drugs","1904","Non-Steroidal Anti-Inflammatory Drugs","19","Musculoskeletal System","tab",99.4366535128852
"140103","1401","Diclofenac sodium","Tab long-acting 75 mg","190401","Non-Steroidal Anti-Inflammatory Drugs","1904","Non-Steroidal Anti-Inflammatory Drugs","19","Musculoskeletal System","tab",99.5812647629351
"140905","1409","Diflucortolone valerate","Fatty oint 0.1%","101101","Corticosteroids - Plain","1011","Corticosteroids Topical","10","Dermatologicals","g",100
"141203","1412","Digoxin","Oral liq 50 mcg per ml","71301","Antiarrhythmics","713","Antiarrhythmics","7","Cardiovascular System","ml",99.6983585678735
"141202","1412","Digoxin","Tab 250 mcg","71301","Antiarrhythmics","713","Antiarrhythmics","7","Cardiovascular System","tab",99.7959555570931
"141201","1412","Digoxin","Tab 62.5 mcg","71301","Antiarrhythmics","713","Antiarrhythmics","7","Cardiovascular System","tab",99.9243961865856
"242701","2427","Dihydrocodeine tartrate","Tab long-acting 60 mg","220407","Opioid Analgesics","2204","Analgesics","22","Nervous System","tab",99.8558736684389
"252825","2528","Diltiazem hydrochloride","Cap extended-release 120 mg","72202","Other Calcium Channel Blockers","722","Calcium Channel Blockers","7","Cardiovascular System","cap",99.9627287182958
"252804","2528","Diltiazem hydrochloride","Cap long-acting 120 mg","72202","Other Calcium Channel Blockers","722","Calcium Channel Blockers","7","Cardiovascular System","cap",99.961748277416
"252805","2528","Diltiazem hydrochloride","Cap long-acting 180 mg","72202","Other Calcium Channel Blockers","722","Calcium Channel Blockers","7","Cardiovascular System","cap",99.9814330927036
"252806","2528","Diltiazem hydrochloride","Cap long-acting 240 mg","72202","Other Calcium Channel Blockers","722","Calcium Channel Blockers","7","Cardiovascular System","cap",99.9913904351228
"252801","2528","Diltiazem hydrochloride","Tab 30 mg","72202","Other Calcium Channel Blockers","722","Calcium Channel Blockers","7","Cardiovascular System","tab",99.707452646286
"252802","2528","Diltiazem hydrochloride","Tab 60 mg","72202","Other Calcium Channel Blockers","722","Calcium Channel Blockers","7","Cardiovascular System","tab",99.8592198503985
"142029","1420","Dimethicone","Crm 10% pump bottle","101502","Barrier Creams","1015","Barrier Creams and Emollients","10","Dermatologicals","g",98.2442550994061
"142026","1420","Dimethicone","Crm 10% pump bottle,","101502","Barrier Creams","1015","Barrier Creams and Emollients","10","Dermatologicals","ml",98.5157508655263
"142028","1420","Dimethicone","Crm 5% pump bottle","101502","Barrier Creams","1015","Barrier Creams and Emollients","10","Dermatologicals","g",99.1255656976298
"142025","1420","Dimethicone","Crm 5% pump bottle,","101502","Barrier Creams","1015","Barrier Creams and Emollients","10","Dermatologicals","ml",98.339865414479
"142027","1420","Dimethicone","Lotn 4%","101701","Parasiticidal Preparations","1017","Parasiticidal Preparations","10","Dermatologicals","ml",94.9345636610842
"405325","4053","Dimethyl fumarate","Cap 120 mg","222601","Multiple Sclerosis Treatments","2226","Multiple Sclerosis Treatments","22","Nervous System","cap",100
"405326","4053","Dimethyl fumarate","Cap 240 mg","222601","Multiple Sclerosis Treatments","2226","Multiple Sclerosis Treatments","22","Nervous System","cap",100
"396125","3961","Diphtheria, tetanus and pertussis vaccine","Inj 2 IU diphtheria toxoid with 20 IU tetanus toxoid, 8 mcg pertussis toxoid, 8 mcg pertussis filamentous haemagglutinin and 2.5 mcg pertactin in 0.5 ml prefilled syringe","452501","Vaccinations","4525","Vaccinations","45","National Immunisation Schedule","inj",100
"395425","3954","Diphtheria, tetanus, pertussis and polio vaccine","Inj 30 IU diphtheria toxoid with 40 IU tetanus toxoid, 25 mcg pertussis toxoid, 25 mcg pertussis filamentous haemagglutinin, 8 mcg pertactin and 80 D-antigen units poliomyelitis virus in 0.5ml syringe","452501","Vaccinations","4525","Vaccinations","45","National Immunisation Schedule","inj",100
"396325","3963","Diphtheria, tetanus, pertussis, polio, hepatitis B and haemophilus influenzae type B vaccine","Inj 30IU diphtheria with 40IU tetanus and 25mcg pertussis toxoids, 25mcg pertussis filamentous haemagglutinin, 8mcg pertactin, 80D-AgU polio virus, 10mcg hepatitis B antigen, 10mcg H. influenzae type b with tetanus toxoid 20-40mcg in 0.5ml syringe","452501","Vaccinations","4525","Vaccinations","45","National Immunisation Schedule","inj",100
"142725","1427","Dipyridamole","Cap modified-release 200 mg","40701","Antiplatelet Agents","407","Antithrombotic Agents","4","Blood and Blood Forming Organs","cap",100
"142704","1427","Dipyridamole","Tab long-acting 150 mg","40701","Antiplatelet Agents","407","Antithrombotic Agents","4","Blood and Blood Forming Organs","tab",99.9697886767845
"142802","1428","Disopyramide phosphate","Cap 100 mg","71301","Antiarrhythmics","713","Antiarrhythmics","7","Cardiovascular System","cap",100
"143201","1432","Disulfiram","Tab 200 mg","223401","Treatments for Substance Dependence","2234","Treatments for Substance Dependence","22","Nervous System","tab",99.9636381703933
"242902","2429","Docusate sodium","Tab 120 mg","12504","Faecal Softeners","125","Laxatives","1","Alimentary Tract and Metabolism","tab",100
"242901","2429","Docusate sodium","Tab 50 mg","12504","Faecal Softeners","125","Laxatives","1","Alimentary Tract and Metabolism","tab",100
"630401","6304","Docusate sodium with sennosides","Tab 50 mg with sennosides 8 mg","12504","Faecal Softeners","125","Laxatives","1","Alimentary Tract and Metabolism","tab",99.5192155816381
"407325","4073","Dolutegravir","Tab 50 mg","162007","Strand Transfer Inhibitors","1620","Antiretrovirals","16","Infections - Agents for Systemic Use","tab",100
"419625","4196","Dolutegravir with lamivudine","Tab 50 mg with lamivudine 300 mg","162007","Strand Transfer Inhibitors","1620","Antiretrovirals","16","Infections - Agents for Systemic Use","tab",100
"143601","1436","Domperidone","Tab 10 mg","221601","Antinausea and Vertigo Agents","2216","Antinausea and Vertigo Agents","22","Nervous System","tab",99.8890908676673
"392326","3923","Donepezil hydrochloride","Tab 10 mg","223201","Treatments for Dementia","2232","Treatments for Dementia","22","Nervous System","tab",99.9926689319967
"392325","3923","Donepezil hydrochloride","Tab 5 mg","223201","Treatments for Dementia","2232","Treatments for Dementia","22","Nervous System","tab",99.9873893139028
"101001","1010","Dornase alfa","Nebuliser soln, 2.5 mg per 2.5 ml ampoule","284902","Mucolytics","2849","Mucolytics","28","Respiratory System and Allergies","amp",100
"107601","1076","Dorzolamide hydrochloride","Eye drops 2%","310306","Glaucoma Preparations - Carbonic Anhydrase Inhibitors","3103","Eye Preparations","31","Sensory Organs","ml",99.9140031532177
"378125","3781","Dorzolamide with timolol","Eye drops 2% with timolol 0.5%","310306","Glaucoma Preparations - Carbonic Anhydrase Inhibitors","3103","Eye Preparations","31","Sensory Organs","ml",99.9918544388217
"143702","1437","Dosulepin [Dothiepin] hydrochloride","Cap 25 mg","220501","Cyclic and Related Agents","2205","Antidepressants","22","Nervous System","cap",99.9989077630137
"143701","1437","Dosulepin [Dothiepin] hydrochloride","Tab 75 mg","220501","Cyclic and Related Agents","2205","Antidepressants","22","Nervous System","tab",99.9797126646528
"251502","2515","Doxazosin","Tab 2 mg","70401","Alpha Adrenoceptor Blockers","704","Alpha-Adrenoceptor Blockers","7","Cardiovascular System","tab",99.9720899109518
"251503","2515","Doxazosin","Tab 4 mg","70401","Alpha Adrenoceptor Blockers","704","Alpha-Adrenoceptor Blockers","7","Cardiovascular System","tab",99.9897477684037
"252904","2529","Doxycycline","Tab 100 mg","160310","Tetracyclines","1603","Antibacterials","16","Infections - Agents for Systemic Use","tab",98.3299470740815
"409125","4091","Dual blood glucose and blood ketone diagnostic test meter","Meter with 50 lancets, a lancing device and 10 blood glucose diagnostic test strips","11505","Dual Blood Glucose and Blood Ketone Testing","115","Diabetes Management","1","Alimentary Tract and Metabolism","pack",66.2355758763336
"414925","4149","Dulaglutide","Inj 1.5mg per 0.5 ml prefilled pen","11315","GLP-1 Agonists","113","Diabetes","1","Alimentary Tract and Metabolism","inj",100
"144310","1443","Econazole nitrate","Crm 1%","100701","Antifungals Topical","1007","Antifungals Topical","10","Dermatologicals","g",100
"144307","1443","Econazole nitrate","Foaming soln 1%, 10 ml sachets","100701","Antifungals Topical","1007","Antifungals Topical","10","Dermatologicals","ea",100
"373229","3732","Efavirenz","Tab 200 mg","162001","Non-nucleosides Reverse Transcriptase Inhibitors","1620","Antiretrovirals","16","Infections - Agents for Systemic Use","tab",100
"373228","3732","Efavirenz","Tab 600 mg","162001","Non-nucleosides Reverse Transcriptase Inhibitors","1620","Antiretrovirals","16","Infections - Agents for Systemic Use","tab",100
"398025","3980","Efavirenz with emtricitabine and tenofovir disoproxil","Tab 600 mg with emtricitabine 200 mg and tenofovir disoproxil 245 mg (300 mg as a fumarate)","162003","Nucleosides Reverse Transcriptase Inhibitors","1620","Antiretrovirals","16","Infections - Agents for Systemic Use","tab",100
"398026","3980","Efavirenz with emtricitabine and tenofovir disoproxil","Tab 600 mg with emtricitabine 200 mg and tenofovir disoproxil 245 mg (300 mg as a maleate)","162003","Nucleosides Reverse Transcriptase Inhibitors","1620","Antiretrovirals","16","Infections - Agents for Systemic Use","tab",100
"108301","1083","Eformoterol fumarate","Powder for inhalation, 12 mcg per dose, and monodose device","282402","Inhaled Long-acting Beta-adrenoceptor Agonists","2824","Inhaled Long-acting Beta-adrenoceptor Agonists","28","Respiratory System and Allergies","dose",100
"411225","4112","Eformoterol fumarate dihydrate","Powder for inhalation 4.5 mcg per dose, breath activated (equivalent to eformoterol fumarate 6 mcg metered dose)","282402","Inhaled Long-acting Beta-adrenoceptor Agonists","2824","Inhaled Long-acting Beta-adrenoceptor Agonists","28","Respiratory System and Allergies","dose",99.989898989899
"417526","4175","Elexacaftor with tezacaftor, ivacaftor and ivacaftor","Tab elexacaftor 100 mg with tezacaftor 50 mg, ivacaftor 75 mg (56) and ivacaftor 150 mg (28)","284902","Mucolytics","2849","Mucolytics","28","Respiratory System and Allergies","tab",100
"402425","4024","Eltrombopag","Tab 25 mg","40401","Antifibrinolytics, Haemostatics and Local Sclerosants","404","Antifibrinolytics, Haemostatics and Local Sclerosants","4","Blood and Blood Forming Organs","tab",100
"402426","4024","Eltrombopag","Tab 50 mg","40401","Antifibrinolytics, Haemostatics and Local Sclerosants","404","Antifibrinolytics, Haemostatics and Local Sclerosants","4","Blood and Blood Forming Organs","tab",100
"413227","4132","Emicizumab","Inj 105 mg in 0.7 ml vial","40401","Antifibrinolytics, Haemostatics and Local Sclerosants","404","Antifibrinolytics, Haemostatics and Local Sclerosants","4","Blood and Blood Forming Organs","inj",100
"413228","4132","Emicizumab","Inj 150 mg in 1 ml vial","40401","Antifibrinolytics, Haemostatics and Local Sclerosants","404","Antifibrinolytics, Haemostatics and Local Sclerosants","4","Blood and Blood Forming Organs","inj",100
"413725","4137","Empagliflozin","Tab 10 mg","11318","SGLT2 Inhibitors","113","Diabetes","1","Alimentary Tract and Metabolism","tab",99.9999245061003
"413726","4137","Empagliflozin","Tab 25 mg","11318","SGLT2 Inhibitors","113","Diabetes","1","Alimentary Tract and Metabolism","tab",99.9999599142512
"413828","4138","Empagliflozin with metformin hydrochloride","Tab 12.5 mg with 1,000 mg metformin hydrochloride","11318","SGLT2 Inhibitors","113","Diabetes","1","Alimentary Tract and Metabolism","tab",100
"413827","4138","Empagliflozin with metformin hydrochloride","Tab 12.5 mg with 500 mg metformin hydrochloride","11318","SGLT2 Inhibitors","113","Diabetes","1","Alimentary Tract and Metabolism","tab",99.9999597876183
"413826","4138","Empagliflozin with metformin hydrochloride","Tab 5 mg with 1,000 mg metformin hydrochloride","11318","SGLT2 Inhibitors","113","Diabetes","1","Alimentary Tract and Metabolism","tab",99.9999596036063
"413825","4138","Empagliflozin with metformin hydrochloride","Tab 5 mg with 500 mg metformin hydrochloride","11318","SGLT2 Inhibitors","113","Diabetes","1","Alimentary Tract and Metabolism","tab",100
"386625","3866","Emtricitabine","Cap 200 mg","162003","Nucleosides Reverse Transcriptase Inhibitors","1620","Antiretrovirals","16","Infections - Agents for Systemic Use","cap",100
"398127","3981","Emtricitabine with tenofovir disoproxil","Tab 200 mg with tenofovir disoproxil 245 mg (300 mg as a maleate)","161916","HIV Prophylaxis and Treatment","1619","Antivirals","16","Infections - Agents for Systemic Use","tab",99.9885897897411
"398126","3981","Emtricitabine with tenofovir disoproxil","Tab 200 mg with tenofovir disoproxil 245 mg (300.6 mg as a succinate)","161916","HIV Prophylaxis and Treatment","1619","Antivirals","16","Infections - Agents for Systemic Use","tab",99.9873475923409
"328201","3282","Emulsifying ointment","Oint BP","101504","Emollients","1015","Barrier Creams and Emollients","10","Dermatologicals","g",99.7284455231007
"328301","3283","Emulsifying wax BP","Emulsifying wax BP","380101","Extemporaneously Compounded Preparations and Galenicals","3801","Extemporaneously Compounded Preparations and Galenicals","38","Extemporaneously Compounded Preparations and Galenicals","g",100
"271102","2711","Enalapril maleate","Tab 10 mg","70701","ACE Inhibitors","707","Agents Affecting the Renin-Angiotensin System","7","Cardiovascular System","tab",99.9788163014618
"271103","2711","Enalapril maleate","Tab 20 mg","70701","ACE Inhibitors","707","Agents Affecting the Renin-Angiotensin System","7","Cardiovascular System","tab",99.9922682563497
"271101","2711","Enalapril maleate","Tab 5 mg","70701","ACE Inhibitors","707","Agents Affecting the Renin-Angiotensin System","7","Cardiovascular System","tab",99.9500778576525
"389329","3893","Enoxaparin sodium","Inj 100 mg in 1 ml syringe","40704","Heparin and Antagonist Preparations","407","Antithrombotic Agents","4","Blood and Blood Forming Organs","inj",99.9997736742403
"389330","3893","Enoxaparin sodium","Inj 120 mg in 0.8 ml syringe","40704","Heparin and Antagonist Preparations","407","Antithrombotic Agents","4","Blood and Blood Forming Organs","inj",99.99620512081
"389331","3893","Enoxaparin sodium","Inj 150 mg in 1 ml syringe","40704","Heparin and Antagonist Preparations","407","Antithrombotic Agents","4","Blood and Blood Forming Organs","inj",99.9993126769857
"389325","3893","Enoxaparin sodium","Inj 20 mg in 0.2 ml syringe","40704","Heparin and Antagonist Preparations","407","Antithrombotic Agents","4","Blood and Blood Forming Organs","inj",100
"389326","3893","Enoxaparin sodium","Inj 40 mg in 0.4 ml syringe","40704","Heparin and Antagonist Preparations","407","Antithrombotic Agents","4","Blood and Blood Forming Organs","inj",100
"389327","3893","Enoxaparin sodium","Inj 60 mg in 0.6 ml syringe","40704","Heparin and Antagonist Preparations","407","Antithrombotic Agents","4","Blood and Blood Forming Organs","inj",100
"389328","3893","Enoxaparin sodium","Inj 80 mg in 0.8 ml syringe","40704","Heparin and Antagonist Preparations","407","Antithrombotic Agents","4","Blood and Blood Forming Organs","inj",100
"382925","3829","Entacapone","Tab 200 mg","220101","Dopamine Agonists and Related Agents","2201","Agents for Parkinsonism and Related Disorders","22","Nervous System","tab",99.9770979768757
"389525","3895","Entecavir","Tab 0.5 mg","161905","Hepatitis B Treatment","1619","Antivirals","16","Infections - Agents for Systemic Use","tab",99.9935489892929
"290125","2901","Enteral feed 1.5kcal/ml","Liquid","420631","Standard Supplements","4206","Oral and Enteral Feeds","42","Special Foods","ml",100
"290127","2901","Enteral feed 1.5kcal/ml","Liquid, 1,000 ml bottle","420631","Standard Supplements","4206","Oral and Enteral Feeds","42","Special Foods","btl",100
"290126","2901","Enteral feed 1.5kcal/ml","Liquid, 250 ml can","420631","Standard Supplements","4206","Oral and Enteral Feeds","42","Special Foods","can",100
"290201","2902","Enteral feed 1kcal/ml","Liquid","420631","Standard Supplements","4206","Oral and Enteral Feeds","42","Special Foods","ml",100
"290226","2902","Enteral feed 1kcal/ml","Liquid, 1,000 ml bottle","420631","Standard Supplements","4206","Oral and Enteral Feeds","42","Special Foods","btl",100
"291101","2911","Enteral feed 2 kcal/ml","Liquid","420632","High Calorie Products ","4206","Oral and Enteral Feeds","42","Special Foods","ml",100
"291125","2911","Enteral feed 2 kcal/ml","Liquid, 1,000 ml bottle","420632","High Calorie Products ","4206","Oral and Enteral Feeds","42","Special Foods","btl",100
"291126","2911","Enteral feed 2 kcal/ml","Liquid, 500 ml bottle","420632","High Calorie Products ","4206","Oral and Enteral Feeds","42","Special Foods","btl",100
"407425","4074","Enteral feed with fibre 0.83 kcal/ml","Liquid","420631","Standard Supplements","4206","Oral and Enteral Feeds","42","Special Foods","ml",100
"407426","4074","Enteral feed with fibre 0.83 kcal/ml","Liquid, 1,000 ml bottle","420631","Standard Supplements","4206","Oral and Enteral Feeds","42","Special Foods","btl",100
"291201","2912","Enteral feed with fibre 1 kcal/ml","Liquid","420631","Standard Supplements","4206","Oral and Enteral Feeds","42","Special Foods","ml",100
"291225","2912","Enteral feed with fibre 1 kcal/ml","Liquid, 1,000 ml bottle","420631","Standard Supplements","4206","Oral and Enteral Feeds","42","Special Foods","btl",100
"415325","4153","Enteral feed with fibre 1.2kcal/ml","Liquid","420631","Standard Supplements","4206","Oral and Enteral Feeds","42","Special Foods","ml",100
"291301","2913","Enteral feed with fibre 1.5kcal/ml","Liquid","420631","Standard Supplements","4206","Oral and Enteral Feeds","42","Special Foods","ml",100
"291325","2913","Enteral feed with fibre 1.5kcal/ml","Liquid, 1,000 ml bottle","420631","Standard Supplements","4206","Oral and Enteral Feeds","42","Special Foods","btl",100
"413025","4130","Enteral liquid peptide formula","Liquid 1 kcal/ml","421806","Gastrointestinal and Other Malabsorptive Problems","4218","Infant Formulae","42","Special Foods","ml",100
"413027","4130","Enteral liquid peptide formula","Liquid 1 kcal/ml, 500 ml bottle","421806","Gastrointestinal and Other Malabsorptive Problems","4218","Infant Formulae","42","Special Foods","btl",100
"413026","4130","Enteral liquid peptide formula","Liquid 1.5 kcal/ml","421806","Gastrointestinal and Other Malabsorptive Problems","4218","Infant Formulae","42","Special Foods","ml",100
"413028","4130","Enteral liquid peptide formula","Liquid 1.5 kcal/ml, 500 ml bottle","421806","Gastrointestinal and Other Malabsorptive Problems","4218","Infant Formulae","42","Special Foods","btl",100
"291502","2915","Enteral/oral feed 1kcal/ml","Liquid","420607","Paediatric Products For Children With Chronic Renal Failure","4206","Oral and Enteral Feeds","42","Special Foods","g",100
"291526","2915","Enteral/oral feed 1kcal/ml","Powder","420607","Paediatric Products For Children With Chronic Renal Failure","4206","Oral and Enteral Feeds","42","Special Foods","g",100
"291525","2915","Enteral/oral feed 1kcal/ml","Powder (unflavoured)","420606","Paediatric Products For Children Awaiting Liver Transplant","4206","Oral and Enteral Feeds","42","Special Foods","g",100
"405125","4051","Enteral/oral semi-elemental feed 1.5kcal/ml","Liquid","420610","Specialised And Elemental Products","4206","Oral and Enteral Feeds","42","Special Foods","ml",100
"405126","4051","Enteral/oral semi-elemental feed 1.5kcal/ml","Liquid, 1,000 ml bottle","420610","Specialised And Elemental Products","4206","Oral and Enteral Feeds","42","Special Foods","btl",100
"423125","4231","Entrectinib","Cap 200 mg","250109","Protein-tyrosine Kinase Inhibitors","2501","Chemotherapeutic Agents","25","Oncology Agents and Immunosuppressants","cap",100
"410025","4100","Eplerenone","Tab 25 mg","73104","Potassium Sparing Diuretics","731","Diuretics","7","Cardiovascular System","tab",100
"410026","4100","Eplerenone","Tab 50 mg","73104","Potassium Sparing Diuretics","731","Diuretics","7","Cardiovascular System","tab",100
"275825","2758","Epoetin alfa","Inj 1,000 iu in 0.5 ml, syringe","40101","Hypoplastic and Haemolytic","401","Antianaemics","4","Blood and Blood Forming Organs","inj",100
"275808","2758","Epoetin alfa","Inj 10,000 iu in 1 ml, syringe","40101","Hypoplastic and Haemolytic","401","Antianaemics","4","Blood and Blood Forming Organs","inj",100
"275805","2758","Epoetin alfa","Inj 2,000 iu in 0.5 ml, syringe","40101","Hypoplastic and Haemolytic","401","Antianaemics","4","Blood and Blood Forming Organs","inj",100
"275830","2758","Epoetin alfa","Inj 2,000 iu in 1 ml, syringe","40101","Hypoplastic and Haemolytic","401","Antianaemics","4","Blood and Blood Forming Organs","inj",100
"275806","2758","Epoetin alfa","Inj 3,000 iu in 0.3 ml, syringe","40101","Hypoplastic and Haemolytic","401","Antianaemics","4","Blood and Blood Forming Organs","inj",100
"275807","2758","Epoetin alfa","Inj 4,000 iu in 0.4 ml, syringe","40101","Hypoplastic and Haemolytic","401","Antianaemics","4","Blood and Blood Forming Organs","inj",99.9988613534636
"275829","2758","Epoetin alfa","Inj 40,000 iu in 1 ml, syringe","40101","Hypoplastic and Haemolytic","401","Antianaemics","4","Blood and Blood Forming Organs","inj",100
"275826","2758","Epoetin alfa","Inj 5,000 iu in 0.5 ml, syringe","40101","Hypoplastic and Haemolytic","401","Antianaemics","4","Blood and Blood Forming Organs","inj",100
"275827","2758","Epoetin alfa","Inj 6,000 iu in 0.6 ml, syringe","40101","Hypoplastic and Haemolytic","401","Antianaemics","4","Blood and Blood Forming Organs","inj",100
"275828","2758","Epoetin alfa","Inj 8,000 iu in 0.8 ml, syringe","40101","Hypoplastic and Haemolytic","401","Antianaemics","4","Blood and Blood Forming Organs","inj",100
"377129","3771","Epoetin beta [erythropoietin beta]","Inj 5,000 iu, prefilled syringe","40101","Hypoplastic and Haemolytic","401","Antianaemics","4","Blood and Blood Forming Organs","inj",100
"409326","4093","Epoprostenol","Inj 1.5 mg vial","74009","Prostacyclin Analogues","740","Vasodilators","7","Cardiovascular System","inj",100
"409325","4093","Epoprostenol","Inj 500 mcg vial","74009","Prostacyclin Analogues","740","Vasodilators","7","Cardiovascular System","inj",100
"145601","1456","Ergometrine maleate","Inj 500 mcg per ml, 1 ml ampoule","131402","Myometrial and Vaginal Hormone Preparations","1314","Myometrial and Vaginal Hormone Preparations","13","Genito-Urinary System","inj",0.178922884236894
"391625","3916","Erlotinib","Tab 100 mg","250109","Protein-tyrosine Kinase Inhibitors","2501","Chemotherapeutic Agents","25","Oncology Agents and Immunosuppressants","tab",100
"391626","3916","Erlotinib","Tab 150 mg","250109","Protein-tyrosine Kinase Inhibitors","2501","Chemotherapeutic Agents","25","Oncology Agents and Immunosuppressants","tab",100
"602802","6028","Erythromycin (as lactobionate)","Inj 1 g vial","160304","Macrolides","1603","Antibacterials","16","Infections - Agents for Systemic Use","inj",5.83016476552598
"602603","6026","Erythromycin ethyl succinate","Grans for oral liq 200 mg per 5 ml","160304","Macrolides","1603","Antibacterials","16","Infections - Agents for Systemic Use","ml",86.3181625492826
"602605","6026","Erythromycin ethyl succinate","Grans for oral liq 400 mg per 5 ml","160304","Macrolides","1603","Antibacterials","16","Infections - Agents for Systemic Use","ml",88.4758793694532
"602601","6026","Erythromycin ethyl succinate","Tab 400 mg","160304","Macrolides","1603","Antibacterials","16","Infections - Agents for Systemic Use","tab",95.3461756257591
"602703","6027","Erythromycin stearate","Tab 250 mg","160304","Macrolides","1603","Antibacterials","16","Infections - Agents for Systemic Use","tab",92.6032834205304
"602702","6027","Erythromycin stearate","Tab 500 mg","160304","Macrolides","1603","Antibacterials","16","Infections - Agents for Systemic Use","tab",99.5678389564582
"392625","3926","Escitalopram","Tab 10 mg","220507","Selective Serotonin Reuptake Inhibitors","2205","Antidepressants","22","Nervous System","tab",99.990013613096
"392626","3926","Escitalopram","Tab 20 mg","220507","Selective Serotonin Reuptake Inhibitors","2205","Antidepressants","22","Nervous System","tab",99.990631239194
"420625","4206","Essential aminoacid formula","Powder (neutral), can","421226","Essential Amino Acids","4212","Foods And Supplements For Inherited Metabolic Disease","42","Special Foods","g",100
"378625","3786","Etanercept","Inj 25 mg","250702","Fusion Proteins","2507","Immunosuppressants","25","Oncology Agents and Immunosuppressants","inj",100
"378628","3786","Etanercept","Inj 25 mg autoinjector","250702","Fusion Proteins","2507","Immunosuppressants","25","Oncology Agents and Immunosuppressants","inj",100
"378626","3786","Etanercept","Inj 50 mg autoinjector","250702","Fusion Proteins","2507","Immunosuppressants","25","Oncology Agents and Immunosuppressants","inj",100
"378627","3786","Etanercept","Inj 50 mg prefilled syringe","250702","Fusion Proteins","2507","Immunosuppressants","25","Oncology Agents and Immunosuppressants","inj",100
"386526","3865","Ethambutol hydrochloride","Tab 100 mg","161601","Antituberculotics and Antileprotics","1616","Antituberculotics and Antileprotics","16","Infections - Agents for Systemic Use","tab",100
"386525","3865","Ethambutol hydrochloride","Tab 400 mg","161601","Antituberculotics and Antileprotics","1616","Antituberculotics and Antileprotics","16","Infections - Agents for Systemic Use","tab",100
"147801","1478","Ethinyloestradiol","Tab 10 mcg","141201","Other Oestrogen Preparations","1412","Other Oestrogen Preparations","14","Hormone Preparations - Systemic Excluding Contraceptive Hormones","tab",100
"147702","1477","Ethinyloestradiol with desogestrel","Tab 20 mcg with desogestrel 150 mcg and 7 inert tab","130802","Combined Oral Contraceptives","1308","Contraceptives - Hormonal","13","Genito-Urinary System","tab",97.4573298149815
"147704","1477","Ethinyloestradiol with desogestrel","Tab 30 mcg with desogestrel 150 mcg and 7 inert tab","130802","Combined Oral Contraceptives","1308","Contraceptives - Hormonal","13","Genito-Urinary System","tab",99.6392785571142
"171812","1718","Ethinyloestradiol with levonorgestrel","Tab 20 mcg with levonorgestrel 100 mcg and 7 inert tablets","130802","Combined Oral Contraceptives","1308","Contraceptives - Hormonal","13","Genito-Urinary System","tab",95.3439807890151
"171808","1718","Ethinyloestradiol with levonorgestrel","Tab 30 mcg with levonorgestrel 150 mcg","130802","Combined Oral Contraceptives","1308","Contraceptives - Hormonal","13","Genito-Urinary System","tab",92.6829268292683
"171809","1718","Ethinyloestradiol with levonorgestrel","Tab 30 mcg with levonorgestrel 150 mcg and 7 inert tablets","130802","Combined Oral Contraceptives","1308","Contraceptives - Hormonal","13","Genito-Urinary System","tab",97.5595472318178
"171807","1718","Ethinyloestradiol with levonorgestrel","Tab 50 mcg with levonorgestrel 125 mcg and 7 inert tab","130802","Combined Oral Contraceptives","1308","Contraceptives - Hormonal","13","Genito-Urinary System","tab",98.7564639251416
"147512","1475","Ethinyloestradiol with norethisterone","Tab 35 mcg with norethisterone 1 mg and 7 inert tab","130802","Combined Oral Contraceptives","1308","Contraceptives - Hormonal","13","Genito-Urinary System","tab",94.9542479744807
"147509","1475","Ethinyloestradiol with norethisterone","Tab 35 mcg with norethisterone 500 mcg and 7 inert tab","130802","Combined Oral Contraceptives","1308","Contraceptives - Hormonal","13","Genito-Urinary System","tab",94.988759166632
"148101","1481","Ethosuximide","Cap 250 mg","220702","Control of Epilepsy","2207","Antiepilepsy Drugs","22","Nervous System","cap",99.9884933699485
"148102","1481","Ethosuximide","Oral liq 250 mg per 5 ml","220702","Control of Epilepsy","2207","Antiepilepsy Drugs","22","Nervous System","ml",99.9446993200375
"243302","2433","Etoposide","Cap 100 mg","250107","Other Cytotoxic Agents","2501","Chemotherapeutic Agents","25","Oncology Agents and Immunosuppressants","cap",100
"243301","2433","Etoposide","Cap 50 mg","250107","Other Cytotoxic Agents","2501","Chemotherapeutic Agents","25","Oncology Agents and Immunosuppressants","cap",99.9858058236678
"243303","2433","Etoposide","Inj 20 mg per ml, 5 ml vial","250107","Other Cytotoxic Agents","2501","Chemotherapeutic Agents","25","Oncology Agents and Immunosuppressants","inj",100
"391826","3918","Etravirine","Tab 200 mg","162001","Non-nucleosides Reverse Transcriptase Inhibitors","1620","Antiretrovirals","16","Infections - Agents for Systemic Use","tab",100
"328801","3288","Eucalyptus oil","Eucalyptus oil","380101","Extemporaneously Compounded Preparations and Galenicals","3801","Extemporaneously Compounded Preparations and Galenicals","38","Extemporaneously Compounded Preparations and Galenicals","ml",100
"404026","4040","Everolimus","Tab 10 mg","250706","Other Immunosuppressants","2507","Immunosuppressants","25","Oncology Agents and Immunosuppressants","tab",100
"404025","4040","Everolimus","Tab 5 mg","250706","Other Immunosuppressants","2507","Immunosuppressants","25","Oncology Agents and Immunosuppressants","tab",100
"387225","3872","Exemestane","Tab 25 mg","250404","Aromatase Inhibitors","2504","Endocrine Therapy","25","Oncology Agents and Immunosuppressants","tab",99.991833834872
"294601","2946","Extensively hydrolysed formula","Powder","421806","Gastrointestinal and Other Malabsorptive Problems","4218","Infant Formulae","42","Special Foods","g",100
"379925","3799","Ezetimibe","Tab 10 mg","73208","Selective Cholesterol Absorption Inhibitors","732","Lipid-Modifying Agents","7","Cardiovascular System","tab",99.9960924951888
"385328","3853","Ezetimibe with simvastatin","Tab 10 mg with simvastatin 10 mg","73208","Selective Cholesterol Absorption Inhibitors","732","Lipid-Modifying Agents","7","Cardiovascular System","tab",100
"385325","3853","Ezetimibe with simvastatin","Tab 10 mg with simvastatin 20 mg","73208","Selective Cholesterol Absorption Inhibitors","732","Lipid-Modifying Agents","7","Cardiovascular System","tab",99.9949843463066
"385326","3853","Ezetimibe with simvastatin","Tab 10 mg with simvastatin 40 mg","73208","Selective Cholesterol Absorption Inhibitors","732","Lipid-Modifying Agents","7","Cardiovascular System","tab",99.9989730616967
"385327","3853","Ezetimibe with simvastatin","Tab 10 mg with simvastatin 80 mg","73208","Selective Cholesterol Absorption Inhibitors","732","Lipid-Modifying Agents","7","Cardiovascular System","tab",99.9994366044828
"237325","2373","Famotidine","Inj 10 mg per ml, 4 ml","11003","H2 Antagonists","110","Antiulcerants","1","Alimentary Tract and Metabolism","inj",100
"237301","2373","Famotidine","Tab 20 mg","11003","H2 Antagonists","110","Antiulcerants","1","Alimentary Tract and Metabolism","tab",100
"237302","2373","Famotidine","Tab 40 mg","11003","H2 Antagonists","110","Antiulcerants","1","Alimentary Tract and Metabolism","tab",100
"423225","4232","Faricimab","Inj 120 mg per ml, 0.24 ml vial","250704","Monoclonal Antibodies","2507","Immunosuppressants","25","Oncology Agents and Immunosuppressants","inj",100
"291601","2916","Fat modified feed","Powder","420604","Fat Modified Products","4206","Oral and Enteral Feeds","42","Special Foods","g",100
"291701","2917","Fat supplement","Emulsion (neutral)","420203","Fat","4202","Nutrient Modules","42","Special Foods","ml",100
"291702","2917","Fat supplement","Emulsion (strawberry)","420203","Fat","4202","Nutrient Modules","42","Special Foods","ml",100
"291704","2917","Fat supplement","MCT Emulsion, 250 ml","420203","Fat","4202","Nutrient Modules","42","Special Foods","pack",100
"291703","2917","Fat supplement","Oil","420203","Fat","4202","Nutrient Modules","42","Special Foods","ml",100
"402626","4026","Febuxostat","Tab 120 mg","191301","Hyperuricaemia and Antigout","1913","Hyperuricaemia and Antigout","19","Musculoskeletal System","tab",100
"402625","4026","Febuxostat","Tab 80 mg","191301","Hyperuricaemia and Antigout","1913","Hyperuricaemia and Antigout","19","Musculoskeletal System","tab",100
"239802","2398","Felodipine","Tab long-acting 10 mg","72201","Dihydropyridine Calcium Channel Blockers","722","Calcium Channel Blockers","7","Cardiovascular System","tab",99.990882060975
"239803","2398","Felodipine","Tab long-acting 2.5 mg","72201","Dihydropyridine Calcium Channel Blockers","722","Calcium Channel Blockers","7","Cardiovascular System","tab",99.976235447161
"239801","2398","Felodipine","Tab long-acting 5 mg","72201","Dihydropyridine Calcium Channel Blockers","722","Calcium Channel Blockers","7","Cardiovascular System","tab",99.9838051065071
"380116","3801","Fentanyl","Inj 50 mcg per ml, 10 ml ampoule","220407","Opioid Analgesics","2204","Analgesics","22","Nervous System","inj",23.5016989431115
"380115","3801","Fentanyl","Inj 50 mcg per ml, 2 ml ampoule","220407","Opioid Analgesics","2204","Analgesics","22","Nervous System","inj",30.6509411297363
"380137","3801","Fentanyl","Patch 100 mcg per hour","220407","Opioid Analgesics","2204","Analgesics","22","Nervous System","patch",94.9862586347768
"380138","3801","Fentanyl","Patch 12 mcg per hour","220407","Opioid Analgesics","2204","Analgesics","22","Nervous System","patch",90.9935769542664
"380133","3801","Fentanyl","Patch 12.5 mcg per hour","220407","Opioid Analgesics","2204","Analgesics","22","Nervous System","patch",90.0062273780352
"380134","3801","Fentanyl","Patch 25 mcg per hour","220407","Opioid Analgesics","2204","Analgesics","22","Nervous System","patch",91.7902566692686
"380135","3801","Fentanyl","Patch 50 mcg per hour","220407","Opioid Analgesics","2204","Analgesics","22","Nervous System","patch",93.9929046327008
"380136","3801","Fentanyl","Patch 75 mcg per hour","220407","Opioid Analgesics","2204","Analgesics","22","Nervous System","patch",95.3569815864733
"383125","3831","Ferrous fumarate","Tab 200 mg (65.7 mg elemental)","13830","Iron","138","Minerals","1","Alimentary Tract and Metabolism","tab",99.7195316115546
"386225","3862","Ferrous fumarate with folic acid","Tab 310 mg (100 mg elemental) with folic acid 350 mcg","13830","Iron","138","Minerals","1","Alimentary Tract and Metabolism","tab",99.7028507335911
"329325","3293","Ferrous sulfate","Oral liq 30 mg (6 mg elemental) per 1 ml","13830","Iron","138","Minerals","1","Alimentary Tract and Metabolism","ml",99.9355291240818
"329305","3293","Ferrous sulfate","Tab long-acting 325 mg (105 mg elemental)","13830","Iron","138","Minerals","1","Alimentary Tract and Metabolism","tab",99.9333175828329
"119402","1194","Fexofenadine hydrochloride","Tab 120 mg","280401","Antihistamines","2804","Antihistamines","28","Respiratory System and Allergies","tab",99.9839629556154
"119425","1194","Fexofenadine hydrochloride","Tab 180 mg","280401","Antihistamines","2804","Antihistamines","28","Respiratory System and Allergies","tab",99.9534697191992
"119403","1194","Fexofenadine hydrochloride","Tab 60 mg","280401","Antihistamines","2804","Antihistamines","28","Respiratory System and Allergies","tab",99.9337614551284
"397425","3974","Filgrastim","Inj 300 mcg per 0.5 ml prefilled syringe","40803","Blood Colony-stimulating Factors","408","Blood Colony-stimulating Factors","4","Blood and Blood Forming Organs","inj",100
"397426","3974","Filgrastim","Inj 480 mcg per 0.5 ml prefilled syringe","40803","Blood Colony-stimulating Factors","408","Blood Colony-stimulating Factors","4","Blood and Blood Forming Organs","inj",100
"388125","3881","Finasteride","Tab 5 mg","131901","5-Alpha Reductase Inhibitors","1319","Urinary Agents","13","Genito-Urinary System","tab",100
"403625","4036","Fingolimod","Cap 0.5 mg","222601","Multiple Sclerosis Treatments","2226","Multiple Sclerosis Treatments","22","Nervous System","cap",100
"151004","1510","Flecainide acetate","Cap long-acting 100 mg","71301","Antiarrhythmics","713","Antiarrhythmics","7","Cardiovascular System","cap",99.9640694119284
"151005","1510","Flecainide acetate","Cap long-acting 200 mg","71301","Antiarrhythmics","713","Antiarrhythmics","7","Cardiovascular System","cap",99.9862750325173
"151003","1510","Flecainide acetate","Inj 10 mg per ml, 15 ml ampoule","71301","Antiarrhythmics","713","Antiarrhythmics","7","Cardiovascular System","inj",0.31055900621118
"151001","1510","Flecainide acetate","Tab 50 mg","71301","Antiarrhythmics","713","Antiarrhythmics","7","Cardiovascular System","tab",99.8952747672498
"151201","1512","Flucloxacillin","Cap 250 mg","160307","Penicillins","1603","Antibacterials","16","Infections - Agents for Systemic Use","cap",76.2013271714269
"151202","1512","Flucloxacillin","Cap 500 mg","160307","Penicillins","1603","Antibacterials","16","Infections - Agents for Systemic Use","cap",96.0787747745182
"151203","1512","Flucloxacillin","Grans for oral liq 25 mg per ml","160307","Penicillins","1603","Antibacterials","16","Infections - Agents for Systemic Use","ml",78.6227472297639
"151204","1512","Flucloxacillin","Grans for oral liq 50 mg per ml","160307","Penicillins","1603","Antibacterials","16","Infections - Agents for Systemic Use","ml",90.3598148291532
"151207","1512","Flucloxacillin","Inj 1 g vial","160307","Penicillins","1603","Antibacterials","16","Infections - Agents for Systemic Use","inj",19.6632919379356
"151205","1512","Flucloxacillin","Inj 250 mg vial","160307","Penicillins","1603","Antibacterials","16","Infections - Agents for Systemic Use","inj",57.1428571428571
"151206","1512","Flucloxacillin","Inj 500 mg vial","160307","Penicillins","1603","Antibacterials","16","Infections - Agents for Systemic Use","inj",19.9498642155839
"270902","2709","Fluconazole","Cap 150 mg","160401","Antifungals","1604","Antifungals","16","Infections - Agents for Systemic Use","cap",99.6463558930018
"270903","2709","Fluconazole","Cap 200 mg","160401","Antifungals","1604","Antifungals","16","Infections - Agents for Systemic Use","cap",99.7922665743407
"270901","2709","Fluconazole","Cap 50 mg","160401","Antifungals","1604","Antifungals","16","Infections - Agents for Systemic Use","cap",99.545044402059
"270925","2709","Fluconazole","Powder for oral suspension 10 mg per ml","160401","Antifungals","1604","Antifungals","16","Infections - Agents for Systemic Use","ml",100
"381027","3810","Fludarabine phosphate","Tab 10 mg","250104","Antimetabolites","2501","Chemotherapeutic Agents","25","Oncology Agents and Immunosuppressants","tab",100
"151501","1515","Fludrocortisone acetate","Tab 100 mcg","140701","Corticosteroids and Related Agents for Systemic Use","1407","Corticosteroids and Related Agents for Systemic Use","14","Hormone Preparations - Systemic Excluding Contraceptive Hormones","tab",99.9562991386126
"151601","1516","Flumetasone pivalate","Ear drops 0.02% with clioquinol 1%","310101","Ear Preparations","3101","Ear Preparations","31","Sensory Organs","ml",98.3569238185787
"152102","1521","Fluocortolone caproate with fluocortolone pivalate and cinchocaine","Oint 950 mcg, with fluocortolone pivalate 920 mcg, and cinchocaine hydrochloride 5 mg per g","10501","Antihaemorrhoidal Preparations","105","Local preparations for Anal and Rectal Disorders","1","Alimentary Tract and Metabolism","g",99.3348862449774
"152101","1521","Fluocortolone caproate with fluocortolone pivalate and cinchocaine","Suppos 630 mcg, with fluocortolone pivalate 610 mcg, and cinchocaine hydrochloride 1 mg","10501","Antihaemorrhoidal Preparations","105","Local preparations for Anal and Rectal Disorders","1","Alimentary Tract and Metabolism","supp",99.7789778206365
"152701","1527","Fluorometholone","Eye drops 0.1%","310304","Corticosteroids and Other Anti-Inflammatory Preparations","3103","Eye Preparations","31","Sensory Organs","ml",98.639795320833
"152801","1528","Fluorouracil sodium","Crm 5%","103103","Antineoplastics","1031","Other Skin Preparations","10","Dermatologicals","g",99.6502073615615
"263601","2636","Fluoxetine hydrochloride","Cap 20 mg","220507","Selective Serotonin Reuptake Inhibitors","2205","Antidepressants","22","Nervous System","cap",99.9874847642247
"263602","2636","Fluoxetine hydrochloride","Tab dispersible 20 mg, scored","220507","Selective Serotonin Reuptake Inhibitors","2205","Antidepressants","22","Nervous System","tab",99.9821916310341
"153203","1532","Flupenthixol decanoate","Inj 100 mg per ml, 1 ml","222204","Depot Injections","2222","Antipsychotics","22","Nervous System","inj",74.6941932988445
"153201","1532","Flupenthixol decanoate","Inj 20 mg per ml, 1 ml","222204","Depot Injections","2222","Antipsychotics","22","Nervous System","inj",82.4321847507331
"153202","1532","Flupenthixol decanoate","Inj 20 mg per ml, 2 ml","222204","Depot Injections","2222","Antipsychotics","22","Nervous System","inj",86.6801167582418
"153701","1537","Flutamide","Tab 250 mg","250401","Endocrine Therapy","2504","Endocrine Therapy","25","Oncology Agents and Immunosuppressants","tab",100
"106503","1065","Fluticasone","Aerosol inhaler, 125 mcg per dose","281001","Inhaled Corticosteroids","2810","Inhaled Corticosteroids","28","Respiratory System and Allergies","dose",99.7136176878734
"106504","1065","Fluticasone","Aerosol inhaler, 250 mcg per dose","281001","Inhaled Corticosteroids","2810","Inhaled Corticosteroids","28","Respiratory System and Allergies","dose",99.594651653765
"106502","1065","Fluticasone","Aerosol inhaler, 50 mcg per dose","281001","Inhaled Corticosteroids","2810","Inhaled Corticosteroids","28","Respiratory System and Allergies","dose",99.5111712498801
"106512","1065","Fluticasone","Powder for inhalation, 100 mcg per dose","281001","Inhaled Corticosteroids","2810","Inhaled Corticosteroids","28","Respiratory System and Allergies","dose",99.9533627094658
"106513","1065","Fluticasone","Powder for inhalation, 250 mcg per dose","281001","Inhaled Corticosteroids","2810","Inhaled Corticosteroids","28","Respiratory System and Allergies","dose",99.9255094194541
"106511","1065","Fluticasone","Powder for inhalation, 50 mcg per dose","281001","Inhaled Corticosteroids","2810","Inhaled Corticosteroids","28","Respiratory System and Allergies","dose",99.8561409818378
"419825","4198","Fluticasone furoate with umeclidinium and vilanterol","Powder for inhalation fluticasone furoate 100 mcg with umeclidinium 62.5 mcg and vilanterol 25 mcg","283418","Inhaled Corticosteroid with Long-Acting Muscarinic Antagonist and Beta Agonist","2834","Anticholinergic Agents","28","Respiratory System and Allergies","dose",100
"405625","4056","Fluticasone furoate with vilanterol","Powder for inhalation 100 mcg with vilanterol 25 mcg","282404","Inhaled Corticosteroids with Long-Acting Beta-Adrenoceptor Agonists","2824","Inhaled Long-acting Beta-adrenoceptor Agonists","28","Respiratory System and Allergies","dose",99.9155987528796
"390325","3903","Fluticasone propionate","Metered aqueous nasal spray, 50 mcg per dose","285102","Allergy Prophylactics","2851","Nasal Preparations","28","Respiratory System and Allergies","dose",99.8871981584826
"385826","3858","Fluticasone with salmeterol","Aerosol inhaler 125 mcg with salmeterol 25 mcg","282404","Inhaled Corticosteroids with Long-Acting Beta-Adrenoceptor Agonists","2824","Inhaled Long-acting Beta-adrenoceptor Agonists","28","Respiratory System and Allergies","dose",99.9005712624477
"385825","3858","Fluticasone with salmeterol","Aerosol inhaler 50 mcg with salmeterol 25 mcg","282404","Inhaled Corticosteroids with Long-Acting Beta-Adrenoceptor Agonists","2824","Inhaled Long-acting Beta-adrenoceptor Agonists","28","Respiratory System and Allergies","dose",99.7592410072754
"385827","3858","Fluticasone with salmeterol","Powder for inhalation 100 mcg with salmeterol 50 mcg","282404","Inhaled Corticosteroids with Long-Acting Beta-Adrenoceptor Agonists","2824","Inhaled Long-acting Beta-adrenoceptor Agonists","28","Respiratory System and Allergies","dose",99.9264069822989
"385828","3858","Fluticasone with salmeterol","Powder for inhalation 250 mcg with salmeterol 50 mcg","282404","Inhaled Corticosteroids with Long-Acting Beta-Adrenoceptor Agonists","2824","Inhaled Long-acting Beta-adrenoceptor Agonists","28","Respiratory System and Allergies","dose",99.9394320668723
"149803","1498","Folic acid","Oral liq 50 mcg per ml","40104","Megaloblastic","401","Antianaemics","4","Blood and Blood Forming Organs","ml",100
"149825","1498","Folic acid","Tab 0.8 mg","40104","Megaloblastic","401","Antianaemics","4","Blood and Blood Forming Organs","tab",99.3938872793242
"149801","1498","Folic acid","Tab 5 mg","40104","Megaloblastic","401","Antianaemics","4","Blood and Blood Forming Organs","tab",99.8755204220771
"292501","2925","Food thickener","Powder","420801","Food Thickeners","4208","Food Thickeners","42","Special Foods","g",100
"421325","4213","Fosfomycin","Powder for oral solution, 3 g sachet","162301","Urinary Tract Infections","1623","Urinary Tract Infections","16","Infections - Agents for Systemic Use","sach",100
"244003","2440","Framycetin sulphate","Ear/Eye drops 0.5%","310201","Ear/Eye Preparations","3102","Ear/Eye Preparations","31","Sensory Organs","ml",97.6445211389129
"412625","4126","Fulvestrant","Inj 50 mg per ml, 5 ml prefilled syringe","250401","Endocrine Therapy","2504","Endocrine Therapy","25","Oncology Agents and Immunosuppressants","inj",100
"154404","1544","Furosemide [Frusemide]","Inj 10 mg per ml, 2 ml ampoule","73101","Loop Diuretics","731","Diuretics","7","Cardiovascular System","inj",19.2183800985757
"154406","1544","Furosemide [Frusemide]","Inj 10 mg per ml, 25 ml ampoule","73101","Loop Diuretics","731","Diuretics","7","Cardiovascular System","inf",78.2119520533126
"154403","1544","Furosemide [Frusemide]","Oral liq 10 mg per ml","73101","Loop Diuretics","731","Diuretics","7","Cardiovascular System","ml",99.7958187225354
"154401","1544","Furosemide [Frusemide]","Tab 40 mg","73101","Loop Diuretics","731","Diuretics","7","Cardiovascular System","tab",99.8812085397357
"154402","1544","Furosemide [Frusemide]","Tab 500 mg","73101","Loop Diuretics","731","Diuretics","7","Cardiovascular System","tab",99.8872825407726
"106225","1062","Gabapentin","Cap 100 mg","220702","Control of Epilepsy","2207","Antiepilepsy Drugs","22","Nervous System","cap",99.7442474629651
"106201","1062","Gabapentin","Cap 300 mg","220702","Control of Epilepsy","2207","Antiepilepsy Drugs","22","Nervous System","cap",99.8570394646216
"106202","1062","Gabapentin","Cap 400 mg","220702","Control of Epilepsy","2207","Antiepilepsy Drugs","22","Nervous System","cap",99.9259517665581
"404625","4046","Ganciclovir","Eye gel 0.15%","310301","Anti-Infective Preparations","3103","Eye Preparations","31","Sensory Organs","g",100
"396625","3966","Gefitinib","Tab 250 mg","250109","Protein-tyrosine Kinase Inhibitors","2501","Chemotherapeutic Agents","25","Oncology Agents and Immunosuppressants","tab",100
"155405","1554","Gentamicin sulphate","Eye drops 0.3%","310301","Anti-Infective Preparations","3103","Eye Preparations","31","Sensory Organs","ml",58.2720588235294
"155401","1554","Gentamicin sulphate","Inj 10 mg per ml, 1 ml ampoule","160313","Other Antibiotics","1603","Antibacterials","16","Infections - Agents for Systemic Use","inj",98.1112510184431
"155425","1554","Gentamicin sulphate","Inj 10 mg per ml, 2 ml ampoule","160313","Other Antibiotics","1603","Antibacterials","16","Infections - Agents for Systemic Use","inj",97.9712858926342
"155403","1554","Gentamicin sulphate","Inj 40 mg per ml, 2 ml ampoule","160313","Other Antibiotics","1603","Antibacterials","16","Infections - Agents for Systemic Use","inj",89.1706295851794
"155426","1554","Gentamicin sulphate","Inj 40 mg per ml, 2 ml vial","160313","Other Antibiotics","1603","Antibacterials","16","Infections - Agents for Systemic Use","inj",99.5446265938069
"383526","3835","Glatiramer acetate","Inj 40 mg prefilled syringe","222601","Multiple Sclerosis Treatments","2226","Multiple Sclerosis Treatments","22","Nervous System","inj",100
"411325","4113","Glecaprevir with pibrentasvir","Tab 100 mg with pibrentasvir 40 mg","161912","Hepatitis C Treatment","1619","Antivirals","16","Infections - Agents for Systemic Use","tab",100
"156702","1567","Glibenclamide","Tab 5 mg","11312","Oral Hypoglycaemic Agents","113","Diabetes","1","Alimentary Tract and Metabolism","tab",99.9148393115525
"156801","1568","Gliclazide","Tab 80 mg","11312","Oral Hypoglycaemic Agents","113","Diabetes","1","Alimentary Tract and Metabolism","tab",99.9867059045344
"156901","1569","Glipizide","Tab 5 mg","11312","Oral Hypoglycaemic Agents","113","Diabetes","1","Alimentary Tract and Metabolism","tab",99.9851316034317
"157004","1570","Glucagon hydrochloride","Inj 1 mg syringe kit","11301","Hyperglycaemic Agents","113","Diabetes","1","Alimentary Tract and Metabolism","kit",71.4892783411944
"139301","1393","Glucose [Dextrose]","Inj 50%, 10 ml ampoule","41001","Intravenous Administration","410","Fluids and Electrolytes","4","Blood and Blood Forming Organs","inj",1.03370973098638
"139325","1393","Glucose [Dextrose]","Inj 50%, 90 ml bottle","41001","Intravenous Administration","410","Fluids and Electrolytes","4","Blood and Blood Forming Organs","inj",0.850159404888417
"291801","2918","Gluten free baking mix","Powder","421001","Gluten Free Foods","4210","Gluten Free Foods","42","Special Foods","g",35.6217818692464
"291901","2919","Gluten free bread mix","Powder","421001","Gluten Free Foods","4210","Gluten Free Foods","42","Special Foods","g",30.032292787944
"292001","2920","Gluten free flour","Powder","421001","Gluten Free Foods","4210","Gluten Free Foods","42","Special Foods","g",39.6367943150414
"292102","2921","Gluten free pasta","Buckwheat Spirals","421001","Gluten Free Foods","4210","Gluten Free Foods","42","Special Foods","g",22.0557851239669
"292106","2921","Gluten free pasta","Corn and Vegetable Shells","421001","Gluten Free Foods","4210","Gluten Free Foods","42","Special Foods","g",27.7661795407098
"292130","2921","Gluten free pasta","Corn and Vegetable Spirals","421001","Gluten Free Foods","4210","Gluten Free Foods","42","Special Foods","g",100
"292132","2921","Gluten free pasta","Italian long style spaghetti","421001","Gluten Free Foods","4210","Gluten Free Foods","42","Special Foods","g",100
"292128","2921","Gluten free pasta","Rice and Corn Lasagne Sheets","421001","Gluten Free Foods","4210","Gluten Free Foods","42","Special Foods","g",28.0498664292075
"292125","2921","Gluten free pasta","Rice and Corn Macaroni","421001","Gluten Free Foods","4210","Gluten Free Foods","42","Special Foods","g",47.3225404732254
"292126","2921","Gluten free pasta","Rice and Corn Penne","421001","Gluten Free Foods","4210","Gluten Free Foods","42","Special Foods","g",35.7547993019197
"292112","2921","Gluten free pasta","Rice and Maize Pasta Spirals","421001","Gluten Free Foods","4210","Gluten Free Foods","42","Special Foods","g",45.4236134739707
"292114","2921","Gluten free pasta","Rice and Millet Spirals","421001","Gluten Free Foods","4210","Gluten Free Foods","42","Special Foods","g",25
"292129","2921","Gluten free pasta","Rice and corn spaghetti noodles","421001","Gluten Free Foods","4210","Gluten Free Foods","42","Special Foods","g",100
"292118","2921","Gluten free pasta","Vegetable and Rice Spirals","421001","Gluten Free Foods","4210","Gluten Free Foods","42","Special Foods","g",31.1086392287727
"393125","3931","Glycerin with sodium saccharin","Suspension","380101","Extemporaneously Compounded Preparations and Galenicals","3801","Extemporaneously Compounded Preparations and Galenicals","38","Extemporaneously Compounded Preparations and Galenicals","ml",99.9806376838809
"393025","3930","Glycerin with sucrose","Suspension","380101","Extemporaneously Compounded Preparations and Galenicals","3801","Extemporaneously Compounded Preparations and Galenicals","38","Extemporaneously Compounded Preparations and Galenicals","ml",99.914276677558
"157406","1574","Glycerol","Liquid","380101","Extemporaneously Compounded Preparations and Galenicals","3801","Extemporaneously Compounded Preparations and Galenicals","38","Extemporaneously Compounded Preparations and Galenicals","ml",99.7392965101721
"157404","1574","Glycerol","Suppos 2.8/4.0 g","12507","Osmotic Laxatives","125","Laxatives","1","Alimentary Tract and Metabolism","supp",100
"157403","1574","Glycerol","Suppos 3.6 g","12507","Osmotic Laxatives","125","Laxatives","1","Alimentary Tract and Metabolism","supp",100
"157501","1575","Glycerol with paraffin and cetyl alcohol","Lotn 5% with paraffin liq 5% and cetyl alcohol 2%","101504","Emollients","1015","Barrier Creams and Emollients","10","Dermatologicals","ml",100
"157726","1577","Glyceryl trinitrate","Oint 0.2%","10502","Management of Anal Fissures","105","Local preparations for Anal and Rectal Disorders","1","Alimentary Tract and Metabolism","g",100
"157706","1577","Glyceryl trinitrate","Oral pump spray, 400 mcg per dose","73401","Nitrates","734","Nitrates","7","Cardiovascular System","dose",95.9203078942323
"157705","1577","Glyceryl trinitrate","Patch 25 mg, 5 mg per day","73401","Nitrates","734","Nitrates","7","Cardiovascular System","patch",97.4751547194976
"157701","1577","Glyceryl trinitrate","Patch 50 mg, 10 mg per day","73401","Nitrates","734","Nitrates","7","Cardiovascular System","patch",98.2499094018756
"417742","4177","Glycomacropeptide and amino acid contains some phenylalanine","Liquid (Coffee Mocha), 250 ml carton","421205","Supplements For PKU","4212","Foods And Supplements For Inherited Metabolic Disease","42","Special Foods","pack",100
"417739","4177","Glycomacropeptide and amino acid contains some phenylalanine","Liquid (chocolate), 250 ml carton","421205","Supplements For PKU","4212","Foods And Supplements For Inherited Metabolic Disease","42","Special Foods","pack",100
"417745","4177","Glycomacropeptide and amino acid contains some phenylalanine","Liquid (neutral), 250 ml carton","421205","Supplements For PKU","4212","Foods And Supplements For Inherited Metabolic Disease","42","Special Foods","btl",100
"417737","4177","Glycomacropeptide and amino acid contains some phenylalanine","Liquid (original), 250 ml carton","421205","Supplements For PKU","4212","Foods And Supplements For Inherited Metabolic Disease","42","Special Foods","pack",100
"417738","4177","Glycomacropeptide and amino acid contains some phenylalanine","Liquid (vanilla), 250 ml carton","421205","Supplements For PKU","4212","Foods And Supplements For Inherited Metabolic Disease","42","Special Foods","pack",100
"417730","4177","Glycomacropeptide and amino acid contains some phenylalanine","Powder (Banana) 35 g sachets","421205","Supplements For PKU","4212","Foods And Supplements For Inherited Metabolic Disease","42","Special Foods","sach",100
"417735","4177","Glycomacropeptide and amino acid contains some phenylalanine","Powder (Berry), 20 g sachets","421205","Supplements For PKU","4212","Foods And Supplements For Inherited Metabolic Disease","42","Special Foods","sach",100
"417734","4177","Glycomacropeptide and amino acid contains some phenylalanine","Powder (Chocolate) 32 g sachets","421205","Supplements For PKU","4212","Foods And Supplements For Inherited Metabolic Disease","42","Special Foods","sach",100
"417729","4177","Glycomacropeptide and amino acid contains some phenylalanine","Powder (Chocolate) 35 g sachets","421205","Supplements For PKU","4212","Foods And Supplements For Inherited Metabolic Disease","42","Special Foods","sach",100
"417728","4177","Glycomacropeptide and amino acid contains some phenylalanine","Powder (Lemon) 35 g sachets","421205","Supplements For PKU","4212","Foods And Supplements For Inherited Metabolic Disease","42","Special Foods","sach",100
"417725","4177","Glycomacropeptide and amino acid contains some phenylalanine","Powder (Lemonade) 33.4 g sachets","421205","Supplements For PKU","4212","Foods And Supplements For Inherited Metabolic Disease","42","Special Foods","sach",100
"417740","4177","Glycomacropeptide and amino acid contains some phenylalanine","Powder (Orange), 20 g sachets","421205","Supplements For PKU","4212","Foods And Supplements For Inherited Metabolic Disease","42","Special Foods","sach",100
"417732","4177","Glycomacropeptide and amino acid contains some phenylalanine","Powder (Raspberry Lemonade) 31 g sachets","421205","Supplements For PKU","4212","Foods And Supplements For Inherited Metabolic Disease","42","Special Foods","sach",100
"417727","4177","Glycomacropeptide and amino acid contains some phenylalanine","Powder (Red Berry) 35 g sachets","421205","Supplements For PKU","4212","Foods And Supplements For Inherited Metabolic Disease","42","Special Foods","sach",100
"417733","4177","Glycomacropeptide and amino acid contains some phenylalanine","Powder (Vanilla) 33 g sachets","421205","Supplements For PKU","4212","Foods And Supplements For Inherited Metabolic Disease","42","Special Foods","sach",100
"417726","4177","Glycomacropeptide and amino acid contains some phenylalanine","Powder (Vanilla) 35 g sachets","421205","Supplements For PKU","4212","Foods And Supplements For Inherited Metabolic Disease","42","Special Foods","sach",100
"417744","4177","Glycomacropeptide and amino acid contains some phenylalanine","Powder (unflavoured) 12.5 g sachets","421205","Supplements For PKU","4212","Foods And Supplements For Inherited Metabolic Disease","42","Special Foods","sach",100
"418525","4185","Glycomacropeptide and amino acid contains some tyrosine and phenylalanine","Powder (Red Berry), 35 g sachets","421212","Supplements for Tyrosinaemia","4212","Foods And Supplements For Inherited Metabolic Disease","42","Special Foods","sach",100
"418526","4185","Glycomacropeptide and amino acid contains some tyrosine and phenylalanine","Powder (Vanilla), 35 g sachets","421212","Supplements for Tyrosinaemia","4212","Foods And Supplements For Inherited Metabolic Disease","42","Special Foods","sach",100
"404325","4043","Glycopyrronium","Powder for inhalation 50 mcg per dose","283414","Long-Acting Muscarinic Antagonists","2834","Anticholinergic Agents","28","Respiratory System and Allergies","dose",99.9910191618429
"404725","4047","Glycopyrronium bromide","Inj 200 mcg per ml, 1 ml ampoule","10701","Antispasmodics and Other Agents Altering Gut Motility","107","Antispasmodics and Other Agents Altering Gut Motility","1","Alimentary Tract and Metabolism","inj",80.0677325307466
"405825","4058","Glycopyrronium with indacaterol","Powder for Inhalation 50 mcg with indacaterol 110 mcg","283416","Long-Acting Muscarinic Antagonists with Long-Acting Beta-Adrenoceptor Agonists","2834","Anticholinergic Agents","28","Respiratory System and Allergies","dose",100
"254002","2540","Goserelin","Implant 10.8 mg, syringe","141603","GnRH Analogues","1416","Trophic Hormones","14","Hormone Preparations - Systemic Excluding Contraceptive Hormones","inj",99.2318548853567
"254001","2540","Goserelin","Implant 3.6 mg, syringe","141603","GnRH Analogues","1416","Trophic Hormones","14","Hormone Preparations - Systemic Excluding Contraceptive Hormones","inj",98.8682226825258
"395526","3955","Haemophilus influenzae type B vaccine","Haemophilus Influenzae type B polysaccharide 10 mcg conjugated to tetanus toxoid as carrier protein 20-40 mcg; prefilled syringe plus vial 0.5 ml","452501","Vaccinations","4525","Vaccinations","45","National Immunisation Schedule","inj",100
"395525","3955","Haemophilus influenzae type B vaccine","Inj 10 mcg vial with diluent syringe","452501","Vaccinations","4525","Vaccinations","45","National Immunisation Schedule","inj",100
"158306","1583","Haloperidol","Inj 5 mg per ml, 1 ml ampoule","222201","General","2222","Antipsychotics","22","Nervous System","inj",88.2933490288405
"158304","1583","Haloperidol","Oral liq 2 mg per ml","222201","General","2222","Antipsychotics","22","Nervous System","ml",95.6860098408848
"158302","1583","Haloperidol","Tab 1.5 mg","222201","General","2222","Antipsychotics","22","Nervous System","tab",99.0872157132926
"158303","1583","Haloperidol","Tab 5 mg","222201","General","2222","Antipsychotics","22","Nervous System","tab",99.4966703000857
"158301","1583","Haloperidol","Tab 500 mcg","222201","General","2222","Antipsychotics","22","Nervous System","tab",99.130704209731
"253003","2530","Haloperidol decanoate","Inj 100 mg per ml, 1 ml","222204","Depot Injections","2222","Antipsychotics","22","Nervous System","inj",73.806157354618
"253001","2530","Haloperidol decanoate","Inj 50 mg per ml, 1 ml","222204","Depot Injections","2222","Antipsychotics","22","Nervous System","inj",70.4211557296768
"158926","1589","Heparin sodium","Inj 1,000 iu per ml, 10 ml vial","40704","Heparin and Antagonist Preparations","407","Antithrombotic Agents","4","Blood and Blood Forming Organs","inj",99.1429538022028
"158901","1589","Heparin sodium","Inj 1,000 iu per ml, 5 ml ampoule","40704","Heparin and Antagonist Preparations","407","Antithrombotic Agents","4","Blood and Blood Forming Organs","inj",97.8283431732069
"158906","1589","Heparin sodium","Inj 25,000 iu per ml, 0.2 ml","40704","Heparin and Antagonist Preparations","407","Antithrombotic Agents","4","Blood and Blood Forming Organs","inj",30.3309637267922
"158903","1589","Heparin sodium","Inj 5,000 iu per ml, 1 ml","40704","Heparin and Antagonist Preparations","407","Antithrombotic Agents","4","Blood and Blood Forming Organs","inj",30.8303325566617
"158904","1589","Heparin sodium","Inj 5,000 iu per ml, 5 ml ampoule","40704","Heparin and Antagonist Preparations","407","Antithrombotic Agents","4","Blood and Blood Forming Organs","inj",59.3162873466329
"158925","1589","Heparin sodium","Inj 5,000 iu per ml, 5 ml vial","40704","Heparin and Antagonist Preparations","407","Antithrombotic Agents","4","Blood and Blood Forming Organs","inj",53.2001113620194
"601901","6019","Heparinised saline","Inj 10 iu per ml, 5 ml","40704","Heparin and Antagonist Preparations","407","Antithrombotic Agents","4","Blood and Blood Forming Organs","inj",59.0092900136568
"418825","4188","High amylopectin corn-starch","Powder, 60 g sachets","421218","Supplements for Glycogen Storage Disease","4212","Foods And Supplements For Inherited Metabolic Disease","42","Special Foods","sach",100
"394726","3947","High fat low carbohydrate formula","Powder (unflavoured)","422501","Ketogenic Diet","4225","Ketogenic Diet","42","Special Foods","g",100
"394725","3947","High fat low carbohydrate formula","Powder (vanilla)","422501","Ketogenic Diet","4225","Ketogenic Diet","42","Special Foods","g",100
"408025","4080","Human papillomavirus (6, 11, 16, 18, 31, 33, 45, 52 and 58) vaccine [HPV]","Inj 270 mcg in 0.5 ml syringe","452501","Vaccinations","4525","Vaccinations","45","National Immunisation Schedule","inj",100
"160403","1604","Hydralazine hydrochloride","Inj 20 mg ampoule","74001","Vasodilators","740","Vasodilators","7","Cardiovascular System","inj",1.26536514822849
"160401","1604","Hydralazine hydrochloride","Tab 25 mg","74001","Vasodilators","740","Vasodilators","7","Cardiovascular System","tab",100
"161719","1617","Hydrocortisone","Crm 1%","101101","Corticosteroids - Plain","1011","Corticosteroids Topical","10","Dermatologicals","g",100
"161716","1617","Hydrocortisone","Inj 100 mg vial","140701","Corticosteroids and Related Agents for Systemic Use","1407","Corticosteroids and Related Agents for Systemic Use","14","Hormone Preparations - Systemic Excluding Contraceptive Hormones","inj",10.1306730363917
"161706","1617","Hydrocortisone","Powder","101101","Corticosteroids - Plain","1011","Corticosteroids Topical","10","Dermatologicals","g",99.9710840874347
"161702","1617","Hydrocortisone","Tab 20 mg","140701","Corticosteroids and Related Agents for Systemic Use","1407","Corticosteroids and Related Agents for Systemic Use","14","Hormone Preparations - Systemic Excluding Contraceptive Hormones","tab",99.4090640272147
"161701","1617","Hydrocortisone","Tab 5 mg","140701","Corticosteroids and Related Agents for Systemic Use","1407","Corticosteroids and Related Agents for Systemic Use","14","Hormone Preparations - Systemic Excluding Contraceptive Hormones","tab",99.9609399455411
"160602","1606","Hydrocortisone acetate","Rectal foam 10%, CFC-Free (14 applications)","10404","Rectal and Colonic Anti-inflammatories","104","Antidiarrhoeals","1","Alimentary Tract and Metabolism","g",99.9492991763421
"411825","4118","Hydrocortisone acetate with pramoxine hydrochloride","Topical aerosol foam, 1% with pramoxine hydrochloride 1%","10404","Rectal and Colonic Anti-inflammatories","104","Antidiarrhoeals","1","Alimentary Tract and Metabolism","g",99.9848653011805
"161301","1613","Hydrocortisone and paraffin liquid and lanolin","Lotn 1% with paraffin liquid 15.9% and lanolin 0.6%","101101","Corticosteroids - Plain","1011","Corticosteroids Topical","10","Dermatologicals","ml",100
"161407","1614","Hydrocortisone butyrate","Lipocream 0.1%","101101","Corticosteroids - Plain","1011","Corticosteroids Topical","10","Dermatologicals","g",99.656506039747
"161425","1614","Hydrocortisone butyrate","Milky emul 0.1%","101101","Corticosteroids - Plain","1011","Corticosteroids Topical","10","Dermatologicals","ml",99.9825469777183
"161401","1614","Hydrocortisone butyrate","Oint 0.1%","101101","Corticosteroids - Plain","1011","Corticosteroids Topical","10","Dermatologicals","g",99.7474588241229
"161406","1614","Hydrocortisone butyrate","Scalp lotn 0.1%","102201","Scalp Preparations","1022","Scalp Preparations","10","Dermatologicals","ml",99.9665931716443
"163201","1632","Hydrocortisone with cinchocaine","Oint 5 mg with cinchocaine hydrochloride 5 mg per g","10501","Antihaemorrhoidal Preparations","105","Local preparations for Anal and Rectal Disorders","1","Alimentary Tract and Metabolism","g",99.4855427260336
"163204","1632","Hydrocortisone with cinchocaine","Suppos 5 mg with cinchocaine hydrochloride 5 mg per g","10501","Antihaemorrhoidal Preparations","105","Local preparations for Anal and Rectal Disorders","1","Alimentary Tract and Metabolism","supp",99.8445341767407
"161101","1611","Hydrocortisone with miconazole","Crm 1% with miconazole nitrate 2%","101104","Corticosteroids - Combination","1011","Corticosteroids Topical","10","Dermatologicals","g",100
"161202","1612","Hydrocortisone with natamycin and neomycin","Crm 1% with natamycin 1% and neomycin sulphate 0.5%","101104","Corticosteroids - Combination","1011","Corticosteroids Topical","10","Dermatologicals","g",100
"161203","1612","Hydrocortisone with natamycin and neomycin","Oint 1% with natamycin 1% and neomycin sulphate 0.5%","101104","Corticosteroids - Combination","1011","Corticosteroids Topical","10","Dermatologicals","g",100
"330325","3303","Hydrogen peroxide","Crm 1%","100401","Antibacterials Topical","1004","Antibacterials Topical","10","Dermatologicals","g",96.8922330193324
"162401","1624","Hydroxocobalamin","Inj 1 mg per ml, 1 ml ampoule","13704","Vitamin B","137","Vitamins","1","Alimentary Tract and Metabolism","inj",72.7046063532716
"162501","1625","Hydroxychloroquine sulphate","Tab 200 mg","190701","Antirheumatoid Agents","1907","Antirheumatoid Agents","19","Musculoskeletal System","tab",99.9905344737983
"162601","1626","Hydroxyurea [hydroxycarbamide]","Cap 500 mg","250107","Other Cytotoxic Agents","2501","Chemotherapeutic Agents","25","Oncology Agents and Immunosuppressants","cap",99.998051233956
"163102","1631","Hyoscine butylbromide","Inj 20 mg, 1 ml","10701","Antispasmodics and Other Agents Altering Gut Motility","107","Antispasmodics and Other Agents Altering Gut Motility","1","Alimentary Tract and Metabolism","inj",78.6478900925075
"163101","1631","Hyoscine butylbromide","Tab 10 mg","10701","Antispasmodics and Other Agents Altering Gut Motility","107","Antispasmodics and Other Agents Altering Gut Motility","1","Alimentary Tract and Metabolism","tab",99.5999970244956
"162903","1629","Hyoscine hydrobromide","Inj 400 mcg per ml, 1 ml ampoule","221601","Antinausea and Vertigo Agents","2216","Antinausea and Vertigo Agents","22","Nervous System","inj",85.64089391215
"162901","1629","Hyoscine hydrobromide","Patch 1 mg per 72 hours","221601","Antinausea and Vertigo Agents","2216","Antinausea and Vertigo Agents","22","Nervous System","patch",100
"163302","1633","Hypromellose","Eye drops 0.5%","310313","Preparations for Tear Deficiency","3103","Eye Preparations","31","Sensory Organs","ml",99.9479765620722
"163001","1630","Hypromellose with dextran","Eye drops 0.3% with dextran 0.1%","310313","Preparations for Tear Deficiency","3103","Eye Preparations","31","Sensory Organs","ml",97.945070339167
"416725","4167","Ibrutinib","Tab 140 mg","250107","Other Cytotoxic Agents","2501","Chemotherapeutic Agents","25","Oncology Agents and Immunosuppressants","tab",100
"416726","4167","Ibrutinib","Tab 420 mg","250107","Other Cytotoxic Agents","2501","Chemotherapeutic Agents","25","Oncology Agents and Immunosuppressants","tab",100
"279805","2798","Ibuprofen","Oral liq 20 mg per ml","190401","Non-Steroidal Anti-Inflammatory Drugs","1904","Non-Steroidal Anti-Inflammatory Drugs","19","Musculoskeletal System","ml",98.5474258929614
"279801","2798","Ibuprofen","Tab 200 mg","190401","Non-Steroidal Anti-Inflammatory Drugs","1904","Non-Steroidal Anti-Inflammatory Drugs","19","Musculoskeletal System","tab",98.1944363214064
"279804","2798","Ibuprofen","Tab long-acting 800 mg","190401","Non-Steroidal Anti-Inflammatory Drugs","1904","Non-Steroidal Anti-Inflammatory Drugs","19","Musculoskeletal System","tab",99.8271518018535
"389125","3891","Iloprost","Nebuliser soln 10 mcg per ml, 2 ml","74009","Prostacyclin Analogues","740","Vasodilators","7","Cardiovascular System","neb",100
"378025","3780","Imatinib mesilate","Cap 100 mg","250109","Protein-tyrosine Kinase Inhibitors","2501","Chemotherapeutic Agents","25","Oncology Agents and Immunosuppressants","cap",99.9877508273295
"378027","3780","Imatinib mesilate","Cap 400 mg","250109","Protein-tyrosine Kinase Inhibitors","2501","Chemotherapeutic Agents","25","Oncology Agents and Immunosuppressants","cap",99.9956897171018
"378026","3780","Imatinib mesilate","Tab 100 mg","250109","Protein-tyrosine Kinase Inhibitors","2501","Chemotherapeutic Agents","25","Oncology Agents and Immunosuppressants","tab",100
"164201","1642","Imipramine hydrochloride","Tab 10 mg","220501","Cyclic and Related Agents","2205","Antidepressants","22","Nervous System","tab",99.9932172952789
"164202","1642","Imipramine hydrochloride","Tab 25 mg","220501","Cyclic and Related Agents","2205","Antidepressants","22","Nervous System","tab",99.9928407118607
"387926","3879","Imiquimod","Crm 5%, 250 mg sachet","103105","Other Skin Preparations","1031","Other Skin Preparations","10","Dermatologicals","sach",99.9379432212585
"404225","4042","Indacaterol","Powder for inhalation 150 mcg","282402","Inhaled Long-acting Beta-adrenoceptor Agonists","2824","Inhaled Long-acting Beta-adrenoceptor Agonists","28","Respiratory System and Allergies","dose",99.9820230105465
"404226","4042","Indacaterol","Powder for inhalation 300 mcg","282402","Inhaled Long-acting Beta-adrenoceptor Agonists","2824","Inhaled Long-acting Beta-adrenoceptor Agonists","28","Respiratory System and Allergies","dose",100
"164301","1643","Indapamide","Tab 2.5 mg","73110","Thiazide and Related Diuretics","731","Diuretics","7","Cardiovascular System","tab",99.9922230302882
"380426","3804","Influenza vaccine","Inj 60 mcg in 0.5 ml syringe  (quadrivalent vaccine)","452501","Vaccinations","4525","Vaccinations","45","National Immunisation Schedule","inj",100
"380430","3804","Influenza vaccine","Inj 60 mcg in 0.5 ml syringe (adjuvanted quadrivalent vaccine)","452501","Vaccinations","4525","Vaccinations","45","National Immunisation Schedule","inj",100
"378326","3783","Insulin aspart","Inj 100 u per ml, 10 ml","11309","Insulin - Rapid Acting Preparations","113","Diabetes","1","Alimentary Tract and Metabolism","inj",99.6108732494871
"378325","3783","Insulin aspart","Inj 100 u per ml, 3 ml","11309","Insulin - Rapid Acting Preparations","113","Diabetes","1","Alimentary Tract and Metabolism","inj",99.9564065256901
"378327","3783","Insulin aspart","Inj 100 u per ml, 3 ml syringe","11309","Insulin - Rapid Acting Preparations","113","Diabetes","1","Alimentary Tract and Metabolism","inj",99.9563578587393
"398227","3982","Insulin aspart with insulin aspart protamine","Inj 100 iu per ml, 3 ml prefilled pen","11305","Insulin - Intermediate-acting Preparations","113","Diabetes","1","Alimentary Tract and Metabolism","inj",99.9836911025695
"422725","4227","Insulin degludec with insulin aspart","Inj degludec 70 u with insulin aspart 30 u, 100 u per ml, 3 ml","11305","Insulin - Intermediate-acting Preparations","113","Diabetes","1","Alimentary Tract and Metabolism","inj",99.987197378023
"385726","3857","Insulin glargine","Inj 100 u per ml, 10 ml","11307","Insulin - Long-acting Preparations","113","Diabetes","1","Alimentary Tract and Metabolism","inj",99.2242186455036
"385725","3857","Insulin glargine","Inj 100 u per ml, 3 ml","11307","Insulin - Long-acting Preparations","113","Diabetes","1","Alimentary Tract and Metabolism","inj",99.9724201310509
"385727","3857","Insulin glargine","Inj 100 u per ml, 3 ml disposable pen","11307","Insulin - Long-acting Preparations","113","Diabetes","1","Alimentary Tract and Metabolism","inj",99.9865656871896
"390825","3908","Insulin glulisine","Inj 100 u per ml, 10 ml","11309","Insulin - Rapid Acting Preparations","113","Diabetes","1","Alimentary Tract and Metabolism","inj",100
"390827","3908","Insulin glulisine","Inj 100 u per ml, 3 ml","11309","Insulin - Rapid Acting Preparations","113","Diabetes","1","Alimentary Tract and Metabolism","inj",99.9872964021596
"390826","3908","Insulin glulisine","Inj 100 u per ml, 3 ml disposable pen","11309","Insulin - Rapid Acting Preparations","113","Diabetes","1","Alimentary Tract and Metabolism","inj",99.9913391485995
"164904","1649","Insulin isophane","Inj human 100 u per ml","11305","Insulin - Intermediate-acting Preparations","113","Diabetes","1","Alimentary Tract and Metabolism","ml",99.4229125106868
"164926","1649","Insulin isophane","Inj human 100 u per ml, 10 ml vial","11305","Insulin - Intermediate-acting Preparations","113","Diabetes","1","Alimentary Tract and Metabolism","vial",99.4516792323509
"164903","1649","Insulin isophane","Inj human 100 u per ml, 3 ml","11305","Insulin - Intermediate-acting Preparations","113","Diabetes","1","Alimentary Tract and Metabolism","inj",99.9680424638319
"630003","6300","Insulin isophane with insulin neutral","Inj human with neutral insulin 100 u per ml","11305","Insulin - Intermediate-acting Preparations","113","Diabetes","1","Alimentary Tract and Metabolism","ml",99.651402313421
"630025","6300","Insulin isophane with insulin neutral","Inj human with neutral insulin 100 u per ml, 10 ml vial","11305","Insulin - Intermediate-acting Preparations","113","Diabetes","1","Alimentary Tract and Metabolism","vial",99.2405063291139
"630002","6300","Insulin isophane with insulin neutral","Inj human with neutral insulin 100 u per ml, 3 ml","11305","Insulin - Intermediate-acting Preparations","113","Diabetes","1","Alimentary Tract and Metabolism","inj",99.960429437333
"119202","1192","Insulin lispro","Inj 100 u per ml, 10 ml","11309","Insulin - Rapid Acting Preparations","113","Diabetes","1","Alimentary Tract and Metabolism","ml",99.9594594594595
"119225","1192","Insulin lispro","Inj 100 u per ml, 10 ml vial","11309","Insulin - Rapid Acting Preparations","113","Diabetes","1","Alimentary Tract and Metabolism","vial",99.9416342412451
"119201","1192","Insulin lispro","Inj 100 u per ml, 3 ml","11309","Insulin - Rapid Acting Preparations","113","Diabetes","1","Alimentary Tract and Metabolism","inj",99.9793360293605
"388225","3882","Insulin lispro with insulin lispro protamine","Inj lispro 25% with insulin lispro protamine 75% 100 u per ml, 3 ml","11305","Insulin - Intermediate-acting Preparations","113","Diabetes","1","Alimentary Tract and Metabolism","inj",99.978487217751
"388226","3882","Insulin lispro with insulin lispro protamine","Inj lispro 50% with insulin lispro protamine 50% 100 u per ml, 3 ml","11305","Insulin - Intermediate-acting Preparations","113","Diabetes","1","Alimentary Tract and Metabolism","inj",99.9470129644509
"164801","1648","Insulin neutral","Inj human 100 u per ml","11303","Insulin - Short-acting Preparations","113","Diabetes","1","Alimentary Tract and Metabolism","ml",75.9160711570625
"164826","1648","Insulin neutral","Inj human 100 u per ml, 10 ml vial","11303","Insulin - Short-acting Preparations","113","Diabetes","1","Alimentary Tract and Metabolism","vial",63.9318885448916
"164803","1648","Insulin neutral","Inj human 100 u per ml, 3 ml","11303","Insulin - Short-acting Preparations","113","Diabetes","1","Alimentary Tract and Metabolism","inj",96.3681802357388
"111001","1110","Insulin pen needles","29 g x 12.7 mm","11509","Insulin Syringes and Needles","115","Diabetes Management","1","Alimentary Tract and Metabolism","dev",99.9574903509126
"111025","1110","Insulin pen needles","31 g x 5 mm","11509","Insulin Syringes and Needles","115","Diabetes Management","1","Alimentary Tract and Metabolism","dev",99.9085622519508
"111026","1110","Insulin pen needles","31 g x 6 mm","11509","Insulin Syringes and Needles","115","Diabetes Management","1","Alimentary Tract and Metabolism","dev",99.9303449971319
"111002","1110","Insulin pen needles","31 g x 8 mm","11509","Insulin Syringes and Needles","115","Diabetes Management","1","Alimentary Tract and Metabolism","dev",99.9142786545415
"111027","1110","Insulin pen needles","32 g x 4 mm","11509","Insulin Syringes and Needles","115","Diabetes Management","1","Alimentary Tract and Metabolism","dev",99.9388209356788
"396841","3968","Insulin pump","Min basal rate 0.025 U/h","11512","Insulin Pumps","115","Diabetes Management","1","Alimentary Tract and Metabolism","dev",100
"411025","4110","Insulin pump cartridge","Cartridge 300 U, t:lock x 10,","11515","Insulin Pump Consumables","115","Diabetes Management","1","Alimentary Tract and Metabolism","sets",100
"411026","4110","Insulin pump cartridge","Cartridge 300 u, t:lock x 10","11515","Insulin Pump Consumables","115","Diabetes Management","1","Alimentary Tract and Metabolism","cart",100
"396937","3969","Insulin pump infusion set (steel cannula)","10 mm steel needle; 29 G; manual insertion; 60 cm tubing x 10 with 10 needles","11515","Insulin Pump Consumables","115","Diabetes Management","1","Alimentary Tract and Metabolism","sets",100
"396939","3969","Insulin pump infusion set (steel cannula)","10 mm steel needle; 29 G; manual insertion; 80 cm tubing x 10 with 10 needles","11515","Insulin Pump Consumables","115","Diabetes Management","1","Alimentary Tract and Metabolism","sets",100
"396944","3969","Insulin pump infusion set (steel cannula)","10 mm steel needle; 60 cm tubing x 10","11515","Insulin Pump Consumables","115","Diabetes Management","1","Alimentary Tract and Metabolism","set",100
"396945","3969","Insulin pump infusion set (steel cannula)","10 mm steel needle; 80 cm tubing x 10","11515","Insulin Pump Consumables","115","Diabetes Management","1","Alimentary Tract and Metabolism","set",100
"396929","3969","Insulin pump infusion set (steel cannula)","6 mm steel needle; 29 G; manual insertion; 60 cm tubing x 10 with 10 needles","11515","Insulin Pump Consumables","115","Diabetes Management","1","Alimentary Tract and Metabolism","sets",100
"396928","3969","Insulin pump infusion set (steel cannula)","6 mm steel needle; 29 G; manual insertion; 60 cm tubing x 10 with 10 needles; luer lock","11515","Insulin Pump Consumables","115","Diabetes Management","1","Alimentary Tract and Metabolism","sets",100
"396931","3969","Insulin pump infusion set (steel cannula)","6 mm steel needle; 29 G; manual insertion; 80 cm tubing x 10 with 10 needles","11515","Insulin Pump Consumables","115","Diabetes Management","1","Alimentary Tract and Metabolism","sets",100
"396940","3969","Insulin pump infusion set (steel cannula)","6 mm steel needle; 60 cm tubing x 10","11515","Insulin Pump Consumables","115","Diabetes Management","1","Alimentary Tract and Metabolism","set",100
"396941","3969","Insulin pump infusion set (steel cannula)","6 mm steel needle; 80 cm tubing x 10","11515","Insulin Pump Consumables","115","Diabetes Management","1","Alimentary Tract and Metabolism","set",100
"396933","3969","Insulin pump infusion set (steel cannula)","8 mm steel needle; 29 G; manual insertion; 60 cm tubing x 10 with 10 needles","11515","Insulin Pump Consumables","115","Diabetes Management","1","Alimentary Tract and Metabolism","sets",100
"396932","3969","Insulin pump infusion set (steel cannula)","8 mm steel needle; 29 G; manual insertion; 60 cm tubing x 10 with 10 needles; luer lock","11515","Insulin Pump Consumables","115","Diabetes Management","1","Alimentary Tract and Metabolism","sets",100
"396935","3969","Insulin pump infusion set (steel cannula)","8 mm steel needle; 29 G; manual insertion; 80 cm tubing x 10 with 10 needles","11515","Insulin Pump Consumables","115","Diabetes Management","1","Alimentary Tract and Metabolism","sets",100
"396942","3969","Insulin pump infusion set (steel cannula)","8 mm steel needle; 60 cm tubing x 10","11515","Insulin Pump Consumables","115","Diabetes Management","1","Alimentary Tract and Metabolism","set",100
"396943","3969","Insulin pump infusion set (steel cannula)","8 mm steel needle; 80 cm tubing x 10","11515","Insulin Pump Consumables","115","Diabetes Management","1","Alimentary Tract and Metabolism","set",100
"410931","4109","Insulin pump infusion set (steel cannula, straight insertion)","5.5 mm steel cannula; straight insertion; 45 cm line x 10 with 10 needles","11515","Insulin Pump Consumables","115","Diabetes Management","1","Alimentary Tract and Metabolism","set",100
"410932","4109","Insulin pump infusion set (steel cannula, straight insertion)","5.5 mm steel needle; straight insertion; 60 cm line x 10 with 10 needles","11515","Insulin Pump Consumables","115","Diabetes Management","1","Alimentary Tract and Metabolism","set",100
"410933","4109","Insulin pump infusion set (steel cannula, straight insertion)","5.5 mm steel needle; straight insertion; 80 cm line x 10 with 10 needles","11515","Insulin Pump Consumables","115","Diabetes Management","1","Alimentary Tract and Metabolism","set",100
"410925","4109","Insulin pump infusion set (steel cannula, straight insertion)","6 mm steel cannula; straight insertion; 60 cm line x 10 with 10 needles","11515","Insulin Pump Consumables","115","Diabetes Management","1","Alimentary Tract and Metabolism","sets",100
"410929","4109","Insulin pump infusion set (steel cannula, straight insertion)","6 mm steel cannula; straight insertion; 80 cm line x 10 with 10 needles","11515","Insulin Pump Consumables","115","Diabetes Management","1","Alimentary Tract and Metabolism","set",100
"410926","4109","Insulin pump infusion set (steel cannula, straight insertion)","6 mm steel cannula; straight insertion; 81 cm line x 10 with 10 needles","11515","Insulin Pump Consumables","115","Diabetes Management","1","Alimentary Tract and Metabolism","sets",100
"410927","4109","Insulin pump infusion set (steel cannula, straight insertion)","8 mm steel cannula; straight insertion; 60 cm line x 10 with 10 needles","11515","Insulin Pump Consumables","115","Diabetes Management","1","Alimentary Tract and Metabolism","sets",100
"410930","4109","Insulin pump infusion set (steel cannula, straight insertion)","8 mm steel cannula; straight insertion; 80 cm line x 10 with 10 needles","11515","Insulin Pump Consumables","115","Diabetes Management","1","Alimentary Tract and Metabolism","set",100
"410928","4109","Insulin pump infusion set (steel cannula, straight insertion)","8 mm steel cannula; straight insertion; 81 cm line x 10 with 10 needles","11515","Insulin Pump Consumables","115","Diabetes Management","1","Alimentary Tract and Metabolism","sets",100
"410934","4109","Insulin pump infusion set (steel cannula, straight insertion)","8.5 mm steel needle; straight insertion; 60 cm line x 10 with 10 needles","11515","Insulin Pump Consumables","115","Diabetes Management","1","Alimentary Tract and Metabolism","set",100
"410935","4109","Insulin pump infusion set (steel cannula, straight insertion)","8.5 mm steel needle; straight insertion; 80 cm line x 10 with 10 needles","11515","Insulin Pump Consumables","115","Diabetes Management","1","Alimentary Tract and Metabolism","set",100
"412842","4128","Insulin pump infusion set (teflon cannula)","13 mm teflon needle, 110 cm tubing x 10","11515","Insulin Pump Consumables","115","Diabetes Management","1","Alimentary Tract and Metabolism","set",100
"412839","4128","Insulin pump infusion set (teflon cannula)","13 mm teflon needle, 45 cm tubing x 10","11515","Insulin Pump Consumables","115","Diabetes Management","1","Alimentary Tract and Metabolism","set",100
"412840","4128","Insulin pump infusion set (teflon cannula)","13 mm teflon needle, 60 cm tubing x 10","11515","Insulin Pump Consumables","115","Diabetes Management","1","Alimentary Tract and Metabolism","set",100
"412841","4128","Insulin pump infusion set (teflon cannula)","13 mm teflon needle, 80 cm tubing x 10","11515","Insulin Pump Consumables","115","Diabetes Management","1","Alimentary Tract and Metabolism","set",100
"412845","4128","Insulin pump infusion set (teflon cannula)","17 mm teflon needle, 110 cm tubing x 10","11515","Insulin Pump Consumables","115","Diabetes Management","1","Alimentary Tract and Metabolism","set",100
"412843","4128","Insulin pump infusion set (teflon cannula)","17 mm teflon needle, 60 cm tubing x 10","11515","Insulin Pump Consumables","115","Diabetes Management","1","Alimentary Tract and Metabolism","set",100
"412844","4128","Insulin pump infusion set (teflon cannula)","17 mm teflon needle, 80 cm tubing x 10","11515","Insulin Pump Consumables","115","Diabetes Management","1","Alimentary Tract and Metabolism","set",100
"412834","4128","Insulin pump infusion set (teflon cannula)","6 mm teflon needle, 110 cm tubing x 10","11515","Insulin Pump Consumables","115","Diabetes Management","1","Alimentary Tract and Metabolism","set",100
"412826","4128","Insulin pump infusion set (teflon cannula)","6 mm teflon needle, 45 cm blue tubing x 10","11515","Insulin Pump Consumables","115","Diabetes Management","1","Alimentary Tract and Metabolism","set",100
"412825","4128","Insulin pump infusion set (teflon cannula)","6 mm teflon needle, 45 cm pink tubing x 10","11515","Insulin Pump Consumables","115","Diabetes Management","1","Alimentary Tract and Metabolism","set",100
"412828","4128","Insulin pump infusion set (teflon cannula)","6 mm teflon needle, 60 cm blue tubing x 10","11515","Insulin Pump Consumables","115","Diabetes Management","1","Alimentary Tract and Metabolism","set",100
"412827","4128","Insulin pump infusion set (teflon cannula)","6 mm teflon needle, 60 cm pink tubing x 10","11515","Insulin Pump Consumables","115","Diabetes Management","1","Alimentary Tract and Metabolism","set",100
"412829","4128","Insulin pump infusion set (teflon cannula)","6 mm teflon needle, 60 cm tubing x 10","11515","Insulin Pump Consumables","115","Diabetes Management","1","Alimentary Tract and Metabolism","set",100
"412831","4128","Insulin pump infusion set (teflon cannula)","6 mm teflon needle, 80 cm blue tubing","11515","Insulin Pump Consumables","115","Diabetes Management","1","Alimentary Tract and Metabolism","set",100
"412832","4128","Insulin pump infusion set (teflon cannula)","6 mm teflon needle, 80 cm clear tubing x 10","11515","Insulin Pump Consumables","115","Diabetes Management","1","Alimentary Tract and Metabolism","set",100
"412830","4128","Insulin pump infusion set (teflon cannula)","6 mm teflon needle, 80 cm pink tubing x 10","11515","Insulin Pump Consumables","115","Diabetes Management","1","Alimentary Tract and Metabolism","set",100
"412833","4128","Insulin pump infusion set (teflon cannula)","6 mm teflon needle, 80 cm tubing x 10","11515","Insulin Pump Consumables","115","Diabetes Management","1","Alimentary Tract and Metabolism","set",100
"412838","4128","Insulin pump infusion set (teflon cannula)","9 mm teflon needle, 110 cm tubing x 10","11515","Insulin Pump Consumables","115","Diabetes Management","1","Alimentary Tract and Metabolism","set",100
"412835","4128","Insulin pump infusion set (teflon cannula)","9 mm teflon needle, 60 cm tubing x 10","11515","Insulin Pump Consumables","115","Diabetes Management","1","Alimentary Tract and Metabolism","set",100
"412836","4128","Insulin pump infusion set (teflon cannula)","9 mm teflon needle, 80 cm clear tubing x 10","11515","Insulin Pump Consumables","115","Diabetes Management","1","Alimentary Tract and Metabolism","set",100
"412837","4128","Insulin pump infusion set (teflon cannula)","9 mm teflon needle, 80 cm tubing x 10","11515","Insulin Pump Consumables","115","Diabetes Management","1","Alimentary Tract and Metabolism","set",100
"398644","3986","Insulin pump infusion set (teflon cannula, angle insertion with insertion device)","13 mm teflon cannula; angle insertion; insertion device; 110 cm line x 10 with 10 needles","11515","Insulin Pump Consumables","115","Diabetes Management","1","Alimentary Tract and Metabolism","sets",100
"398643","3986","Insulin pump infusion set (teflon cannula, angle insertion with insertion device)","13 mm teflon cannula; angle insertion; insertion device; 60 cm line x 10 with 10 needles","11515","Insulin Pump Consumables","115","Diabetes Management","1","Alimentary Tract and Metabolism","sets",100
"398534","3985","Insulin pump infusion set (teflon cannula, angle insertion)","13 mm teflon cannula; angle insertion; 120 cm line x 10 with 10 needles","11515","Insulin Pump Consumables","115","Diabetes Management","1","Alimentary Tract and Metabolism","sets",100
"398531","3985","Insulin pump infusion set (teflon cannula, angle insertion)","13 mm teflon cannula; angle insertion; 45 cm line x 10 with 10 needles","11515","Insulin Pump Consumables","115","Diabetes Management","1","Alimentary Tract and Metabolism","sets",100
"398532","3985","Insulin pump infusion set (teflon cannula, angle insertion)","13 mm teflon cannula; angle insertion; 60 cm line x 10 with 10 needles","11515","Insulin Pump Consumables","115","Diabetes Management","1","Alimentary Tract and Metabolism","sets",100
"398533","3985","Insulin pump infusion set (teflon cannula, angle insertion)","13 mm teflon cannula; angle insertion; 80 cm line x 10 with 10 needles","11515","Insulin Pump Consumables","115","Diabetes Management","1","Alimentary Tract and Metabolism","sets",100
"398537","3985","Insulin pump infusion set (teflon cannula, angle insertion)","17 mm teflon cannula; angle insertion; 110 cm line x 10 with 10 needles","11515","Insulin Pump Consumables","115","Diabetes Management","1","Alimentary Tract and Metabolism","sets",100
"398538","3985","Insulin pump infusion set (teflon cannula, angle insertion)","17 mm teflon cannula; angle insertion; 60 cm line x 10 with 10 needles","11515","Insulin Pump Consumables","115","Diabetes Management","1","Alimentary Tract and Metabolism","sets",100
"398536","3985","Insulin pump infusion set (teflon cannula, angle insertion)","17 mm teflon cannula; angle insertion; 60 cm line x 10 with 10 needles; luer lock","11515","Insulin Pump Consumables","115","Diabetes Management","1","Alimentary Tract and Metabolism","sets",100
"398539","3985","Insulin pump infusion set (teflon cannula, angle insertion)","17 mm teflon cannula; angle insertion; 80 cm line x 10 with 10 needles","11515","Insulin Pump Consumables","115","Diabetes Management","1","Alimentary Tract and Metabolism","sets",100
"420925","4209","Insulin pump infusion set (teflon cannula, flexible insertion with insertion device)","6 mm teflon cannula; flexible insertion; insertion device; 46 cm line x 10 with 10 needles","11515","Insulin Pump Consumables","115","Diabetes Management","1","Alimentary Tract and Metabolism","set",100
"420926","4209","Insulin pump infusion set (teflon cannula, flexible insertion with insertion device)","6 mm teflon cannula; flexible insertion; insertion device; 60 cm line with integrated inserter x 10 with 10 needles","11515","Insulin Pump Consumables","115","Diabetes Management","1","Alimentary Tract and Metabolism","set",100
"420927","4209","Insulin pump infusion set (teflon cannula, flexible insertion with insertion device)","6 mm teflon cannula; flexible insertion; insertion device; 80 cm line x 10 with 10 needles","11515","Insulin Pump Consumables","115","Diabetes Management","1","Alimentary Tract and Metabolism","set",100
"420928","4209","Insulin pump infusion set (teflon cannula, flexible insertion with insertion device)","9 mm teflon cannula; flexible insertion; insertion device; 60 cm line x 10 with 10 needles","11515","Insulin Pump Consumables","115","Diabetes Management","1","Alimentary Tract and Metabolism","set",100
"420929","4209","Insulin pump infusion set (teflon cannula, flexible insertion with insertion device)","9 mm teflon cannula; flexible insertion; insertion device; 80 cm line x 10 with 10 needles","11515","Insulin Pump Consumables","115","Diabetes Management","1","Alimentary Tract and Metabolism","set",100
"398448","3984","Insulin pump infusion set (teflon cannula, straight insertion with insertion device)","6 mm teflon cannula; straight insertion; insertion device; 110 cm line x 10 with 10 needles","11515","Insulin Pump Consumables","115","Diabetes Management","1","Alimentary Tract and Metabolism","sets",100
"398442","3984","Insulin pump infusion set (teflon cannula, straight insertion with insertion device)","6 mm teflon cannula; straight insertion; insertion device; 45 cm blue tubing x 10 with 10 needles","11515","Insulin Pump Consumables","115","Diabetes Management","1","Alimentary Tract and Metabolism","sets",100
"398439","3984","Insulin pump infusion set (teflon cannula, straight insertion with insertion device)","6 mm teflon cannula; straight insertion; insertion device; 45 cm pink tubing x 10 with 10 needles","11515","Insulin Pump Consumables","115","Diabetes Management","1","Alimentary Tract and Metabolism","sets",100
"398443","3984","Insulin pump infusion set (teflon cannula, straight insertion with insertion device)","6 mm teflon cannula; straight insertion; insertion device; 60 cm blue tubing x 10 with 10 needles","11515","Insulin Pump Consumables","115","Diabetes Management","1","Alimentary Tract and Metabolism","sets",100
"398447","3984","Insulin pump infusion set (teflon cannula, straight insertion with insertion device)","6 mm teflon cannula; straight insertion; insertion device; 60 cm line x 10 with 10 needles","11515","Insulin Pump Consumables","115","Diabetes Management","1","Alimentary Tract and Metabolism","sets",100
"398440","3984","Insulin pump infusion set (teflon cannula, straight insertion with insertion device)","6 mm teflon cannula; straight insertion; insertion device; 60 cm pink tubing x 10 with 10 needles","11515","Insulin Pump Consumables","115","Diabetes Management","1","Alimentary Tract and Metabolism","sets",100
"398444","3984","Insulin pump infusion set (teflon cannula, straight insertion with insertion device)","6 mm teflon cannula; straight insertion; insertion device; 80 cm blue tubing x 10 with 10 needles","11515","Insulin Pump Consumables","115","Diabetes Management","1","Alimentary Tract and Metabolism","sets",100
"398441","3984","Insulin pump infusion set (teflon cannula, straight insertion with insertion device)","6 mm teflon cannula; straight insertion; insertion device; 80 cm pink tubing x 10 with 10 needles","11515","Insulin Pump Consumables","115","Diabetes Management","1","Alimentary Tract and Metabolism","sets",100
"398450","3984","Insulin pump infusion set (teflon cannula, straight insertion with insertion device)","9 mm teflon cannula; straight insertion; insertion device; 110 cm line x 10 with 10 needles","11515","Insulin Pump Consumables","115","Diabetes Management","1","Alimentary Tract and Metabolism","sets",100
"398449","3984","Insulin pump infusion set (teflon cannula, straight insertion with insertion device)","9 mm teflon cannula; straight insertion; insertion device; 60 cm line x 10 with 10 needles","11515","Insulin Pump Consumables","115","Diabetes Management","1","Alimentary Tract and Metabolism","sets",100
"398446","3984","Insulin pump infusion set (teflon cannula, straight insertion with insertion device)","9 mm teflon cannula; straight insertion; insertion device; 80 cm clear tubing x 10 with 10 needles","11515","Insulin Pump Consumables","115","Diabetes Management","1","Alimentary Tract and Metabolism","sets",100
"398733","3987","Insulin pump infusion set (teflon cannula, straight insertion)","6 mm teflon cannula; straight insertion; 110 cm tubing x 10 with 10 needles","11515","Insulin Pump Consumables","115","Diabetes Management","1","Alimentary Tract and Metabolism","sets",100
"398734","3987","Insulin pump infusion set (teflon cannula, straight insertion)","6 mm teflon cannula; straight insertion; 60 cm tubing x 10 with 10 needles","11515","Insulin Pump Consumables","115","Diabetes Management","1","Alimentary Tract and Metabolism","sets",100
"398730","3987","Insulin pump infusion set (teflon cannula, straight insertion)","6 mm teflon cannula; straight insertion; 60 cm tubing x 10 with 10 needles; luer lock","11515","Insulin Pump Consumables","115","Diabetes Management","1","Alimentary Tract and Metabolism","sets",100
"398726","3987","Insulin pump infusion set (teflon cannula, straight insertion)","6 mm teflon cannula; straight insertion; 80 cm tubing x 10 with 10 needles","11515","Insulin Pump Consumables","115","Diabetes Management","1","Alimentary Tract and Metabolism","sets",100
"398731","3987","Insulin pump infusion set (teflon cannula, straight insertion)","9 mm teflon cannula; straight insertion; 106 cm tubing x 10 with 10 needles","11515","Insulin Pump Consumables","115","Diabetes Management","1","Alimentary Tract and Metabolism","sets",100
"398732","3987","Insulin pump infusion set (teflon cannula, straight insertion)","9 mm teflon cannula; straight insertion; 60 cm tubing x 10 with 10 needles","11515","Insulin Pump Consumables","115","Diabetes Management","1","Alimentary Tract and Metabolism","sets",100
"398729","3987","Insulin pump infusion set (teflon cannula, straight insertion)","9 mm teflon cannula; straight insertion; 60 cm tubing x 10 with 10 needles; luer lock","11515","Insulin Pump Consumables","115","Diabetes Management","1","Alimentary Tract and Metabolism","sets",100
"398725","3987","Insulin pump infusion set (teflon cannula, straight insertion)","9 mm teflon cannula; straight insertion; 80 cm tubing x 10 with 10 needles","11515","Insulin Pump Consumables","115","Diabetes Management","1","Alimentary Tract and Metabolism","sets",100
"421025","4210","Insulin pump infusion set (teflon cannula, variable insertion)","13 mm teflon cannula; variable insertion; 60 cm line x 10 with 10 needles","11515","Insulin Pump Consumables","115","Diabetes Management","1","Alimentary Tract and Metabolism","set",100
"397032","3970","Insulin pump reservoir","10 x 1.6 ml glass reservoir for YpsoPump","11515","Insulin Pump Consumables","115","Diabetes Management","1","Alimentary Tract and Metabolism","cart",100
"397031","3970","Insulin pump reservoir","10 x 1.6 ml glass reservoir for YpsoPump,","11515","Insulin Pump Consumables","115","Diabetes Management","1","Alimentary Tract and Metabolism","sets",100
"397026","3970","Insulin pump reservoir","10 x luer lock conversion cartridges 1.8 ml for Paradigm pumps,","11515","Insulin Pump Consumables","115","Diabetes Management","1","Alimentary Tract and Metabolism","sets",100
"397029","3970","Insulin pump reservoir","Cartridge for 5 and 7 series pump; 1.8 ml x 10","11515","Insulin Pump Consumables","115","Diabetes Management","1","Alimentary Tract and Metabolism","sets",100
"397034","3970","Insulin pump reservoir","Cartridge for 7 series pump; 3.0 ml x 10","11515","Insulin Pump Consumables","115","Diabetes Management","1","Alimentary Tract and Metabolism","cart",100
"397030","3970","Insulin pump reservoir","Cartridge for 7 series pump; 3.0 ml x 10,","11515","Insulin Pump Consumables","115","Diabetes Management","1","Alimentary Tract and Metabolism","sets",100
"420841","4208","Insulin pump with algorithm","Min basal rate 0.02 U/h","11512","Insulin Pumps","115","Diabetes Management","1","Alimentary Tract and Metabolism","dev",100
"420840","4208","Insulin pump with algorithm","Min basal rate 0.1 U/h","11512","Insulin Pumps","115","Diabetes Management","1","Alimentary Tract and Metabolism","dev",100
"630702","6307","Insulin syringes, disposable with attached needle","Syringe 0.3 ml with 29 g x 12.7 mm needle","11509","Insulin Syringes and Needles","115","Diabetes Management","1","Alimentary Tract and Metabolism","dev",95.7901937826424
"630725","6307","Insulin syringes, disposable with attached needle","Syringe 0.3 ml with 31 g x 8 mm needle","11509","Insulin Syringes and Needles","115","Diabetes Management","1","Alimentary Tract and Metabolism","dev",99.1703366452283
"630704","6307","Insulin syringes, disposable with attached needle","Syringe 0.5 ml with 29 g x 12.7 mm needle","11509","Insulin Syringes and Needles","115","Diabetes Management","1","Alimentary Tract and Metabolism","dev",96.1109469066472
"630726","6307","Insulin syringes, disposable with attached needle","Syringe 0.5 ml with 31 g x 8 mm needle","11509","Insulin Syringes and Needles","115","Diabetes Management","1","Alimentary Tract and Metabolism","dev",98.4145538088326
"630706","6307","Insulin syringes, disposable with attached needle","Syringe 1 ml with 29 g x 12.7 mm needle","11509","Insulin Syringes and Needles","115","Diabetes Management","1","Alimentary Tract and Metabolism","dev",97.4022791324593
"630727","6307","Insulin syringes, disposable with attached needle","Syringe 1 ml with 31 g x 8 mm needle","11509","Insulin Syringes and Needles","115","Diabetes Management","1","Alimentary Tract and Metabolism","dev",97.7386796095086
"124825","1248","Interferon beta-1-alpha","Inj 6 million iu prefilled syringe","222601","Multiple Sclerosis Treatments","2226","Multiple Sclerosis Treatments","22","Nervous System","inj",100
"124826","1248","Interferon beta-1-alpha","Injection 6 million iu per 0.5 ml pen injector","222601","Multiple Sclerosis Treatments","2226","Multiple Sclerosis Treatments","22","Nervous System","inj",100
"370725","3707","Interferon beta-1-beta","Inj 8 million iu per 1 ml","222601","Multiple Sclerosis Treatments","2226","Multiple Sclerosis Treatments","22","Nervous System","inj",100
"149225","1492","Ipratropium bromide","Aerosol inhaler, 20 mcg per dose CFC-free","283401","Anticholinergic Agents","2834","Anticholinergic Agents","28","Respiratory System and Allergies","dose",96.5994654129327
"149206","1492","Ipratropium bromide","Aqueous nasal spray, 0.03%","285102","Allergy Prophylactics","2851","Nasal Preparations","28","Respiratory System and Allergies","ml",99.86022349566
"149203","1492","Ipratropium bromide","Nebuliser soln, 250 mcg per ml, 2 ml ampoule","283401","Anticholinergic Agents","2834","Anticholinergic Agents","28","Respiratory System and Allergies","neb",70.2257873721954
"408725","4087","Iron (as ferric carboxymaltose)","Inj 50 mg per ml, 10 ml vial","13830","Iron","138","Minerals","1","Alimentary Tract and Metabolism","inj",99.9979916049085
"167601","1676","Iron polymaltose","Inj 50 mg per ml, 2 ml ampoule","13830","Iron","138","Minerals","1","Alimentary Tract and Metabolism","inj",93.5812303367026
"419125","4191","Isoleucine","Powder, 4 g sachets","421220","Single dose amino acids","4212","Foods And Supplements For Inherited Metabolic Disease","42","Special Foods","sach",100
"167901","1679","Isoniazid","Tab 100 mg","161601","Antituberculotics and Antileprotics","1616","Antituberculotics and Antileprotics","16","Infections - Agents for Systemic Use","tab",99.9609723162003
"168002","1680","Isoniazid with rifampicin","Tab 100 mg with rifampicin 150 mg","161601","Antituberculotics and Antileprotics","1616","Antituberculotics and Antileprotics","16","Infections - Agents for Systemic Use","tab",99.923793266373
"168003","1680","Isoniazid with rifampicin","Tab 150 mg with rifampicin 300 mg","161601","Antituberculotics and Antileprotics","1616","Antituberculotics and Antileprotics","16","Infections - Agents for Systemic Use","tab",100
"118501","1185","Isopropyl alcohol","purified","380101","Extemporaneously Compounded Preparations and Galenicals","3801","Extemporaneously Compounded Preparations and Galenicals","38","Extemporaneously Compounded Preparations and Galenicals","ml",100
"283601","2836","Isosorbide mononitrate","Tab 20 mg","73401","Nitrates","734","Nitrates","7","Cardiovascular System","tab",99.9498792455253
"283602","2836","Isosorbide mononitrate","Tab long-acting 40 mg","73401","Nitrates","734","Nitrates","7","Cardiovascular System","tab",99.9510913991153
"283603","2836","Isosorbide mononitrate","Tab long-acting 60 mg","73401","Nitrates","734","Nitrates","7","Cardiovascular System","tab",99.967686512529
"168801","1688","Isotretinoin","Cap 10 mg","100101","Antiacne Preparations","1001","Antiacne Preparations","10","Dermatologicals","cap",99.9998003350511
"168802","1688","Isotretinoin","Cap 20 mg","100101","Antiacne Preparations","1001","Antiacne Preparations","10","Dermatologicals","cap",100
"168825","1688","Isotretinoin","Cap 5 mg","100101","Antiacne Preparations","1001","Antiacne Preparations","10","Dermatologicals","cap",100
"245202","2452","Ispaghula (psyllium) husk","Powder for oral soln","12501","Bulk-forming Agents","125","Laxatives","1","Alimentary Tract and Metabolism","g",100
"280301","2803","Itraconazole","Cap 100 mg","160401","Antifungals","1604","Antifungals","16","Infections - Agents for Systemic Use","cap",99.9923363625943
"280325","2803","Itraconazole","Oral liq 10 mg per ml","160401","Antifungals","1604","Antifungals","16","Infections - Agents for Systemic Use","ml",100
"413926","4139","Ivacaftor","Oral granules 50 mg, sachet","284902","Mucolytics","2849","Mucolytics","28","Respiratory System and Allergies","ea",100
"413927","4139","Ivacaftor","Oral granules 75 mg, sachet","284902","Mucolytics","2849","Mucolytics","28","Respiratory System and Allergies","ea",100
"413925","4139","Ivacaftor","Tab 150 mg","284902","Mucolytics","2849","Mucolytics","28","Respiratory System and Allergies","tab",100
"396425","3964","Ivermectin","Tab 3 mg","101701","Parasiticidal Preparations","1017","Parasiticidal Preparations","10","Dermatologicals","tab",94.7245295839019
"169603","1696","Ketoconazole","Shampoo 2%","102201","Scalp Preparations","1022","Scalp Preparations","10","Dermatologicals","ml",100
"169601","1696","Ketoconazole","Tab 200 mg","160401","Antifungals","1604","Antifungals","16","Infections - Agents for Systemic Use","tab",100
"169703","1697","Ketoprofen","Cap long-acting 200 mg","190401","Non-Steroidal Anti-Inflammatory Drugs","1904","Non-Steroidal Anti-Inflammatory Drugs","19","Musculoskeletal System","cap",99.9955084037765
"413525","4135","Ketorolac trometamol","Eye drops 0.5%","310304","Corticosteroids and Other Anti-Inflammatory Preparations","3103","Eye Preparations","31","Sensory Organs","ml",100
"169902","1699","Labetalol","Tab 100 mg","71601","Beta Adrenoceptor Blockers","716","Beta-Adrenoceptor Blockers","7","Cardiovascular System","tab",99.9077380604705
"169903","1699","Labetalol","Tab 200 mg","71601","Beta Adrenoceptor Blockers","716","Beta-Adrenoceptor Blockers","7","Cardiovascular System","tab",99.9789380253398
"393426","3934","Lacosamide","Tab 100 mg","220702","Control of Epilepsy","2207","Antiepilepsy Drugs","22","Nervous System","tab",100
"393427","3934","Lacosamide","Tab 150 mg","220702","Control of Epilepsy","2207","Antiepilepsy Drugs","22","Nervous System","tab",100
"393428","3934","Lacosamide","Tab 200 mg","220702","Control of Epilepsy","2207","Antiepilepsy Drugs","22","Nervous System","tab",100
"393425","3934","Lacosamide","Tab 50 mg","220702","Control of Epilepsy","2207","Antiepilepsy Drugs","22","Nervous System","tab",100
"331202","3312","Lactic acid","80% w/w","380101","Extemporaneously Compounded Preparations and Galenicals","3801","Extemporaneously Compounded Preparations and Galenicals","38","Extemporaneously Compounded Preparations and Galenicals","ml",100
"244701","2447","Lactulose","Oral liq 10 g per 15 ml","12507","Osmotic Laxatives","125","Laxatives","1","Alimentary Tract and Metabolism","ml",100
"290026","2900","Lamivudine","Oral liq 10 mg per ml","162003","Nucleosides Reverse Transcriptase Inhibitors","1620","Antiretrovirals","16","Infections - Agents for Systemic Use","ml",100
"290002","2900","Lamivudine","Oral liq 5 mg per ml","161905","Hepatitis B Treatment","1619","Antivirals","16","Infections - Agents for Systemic Use","ml",100
"290025","2900","Lamivudine","Tab 100 mg","161905","Hepatitis B Treatment","1619","Antivirals","16","Infections - Agents for Systemic Use","tab",100
"290001","2900","Lamivudine","Tab 150 mg","162003","Nucleosides Reverse Transcriptase Inhibitors","1620","Antiretrovirals","16","Infections - Agents for Systemic Use","tab",100
"100202","1002","Lamotrigine","Tab 50 mg","220703","New Antiepilepsy Drugs","2207","Antiepilepsy Drugs","22","Nervous System","tab",100
"100228","1002","Lamotrigine","Tab dispersible 100 mg","220702","Control of Epilepsy","2207","Antiepilepsy Drugs","22","Nervous System","tab",99.9961039595364
"100230","1002","Lamotrigine","Tab dispersible 2 mg","220702","Control of Epilepsy","2207","Antiepilepsy Drugs","22","Nervous System","tab",99.9024172070991
"100226","1002","Lamotrigine","Tab dispersible 25 mg","220702","Control of Epilepsy","2207","Antiepilepsy Drugs","22","Nervous System","tab",99.9886150052224
"100225","1002","Lamotrigine","Tab dispersible 5 mg","220702","Control of Epilepsy","2207","Antiepilepsy Drugs","22","Nervous System","tab",100
"100227","1002","Lamotrigine","Tab dispersible 50 mg","220702","Control of Epilepsy","2207","Antiepilepsy Drugs","22","Nervous System","tab",99.989314638359
"422126","4221","Lanreotide","Inj 120 mg per 0.5 ml, 0.5 ml syringe","250402","Long-acting Somatostatin Analogues","2504","Endocrine Therapy","25","Oncology Agents and Immunosuppressants","inj",100
"422125","4221","Lanreotide","Inj 60 mg per 0.5 ml, 0.5 ml syringe","250402","Long-acting Somatostatin Analogues","2504","Endocrine Therapy","25","Oncology Agents and Immunosuppressants","inj",100
"422127","4221","Lanreotide","Inj 90 mg per 0.5 ml, 0.5 ml syringe","250402","Long-acting Somatostatin Analogues","2504","Endocrine Therapy","25","Oncology Agents and Immunosuppressants","inj",100
"102225","1022","Lansoprazole","Cap 15 mg","11010","Proton Pump Inhibitors","110","Antiulcerants","1","Alimentary Tract and Metabolism","cap",99.9504094701688
"102201","1022","Lansoprazole","Cap 30 mg","11010","Proton Pump Inhibitors","110","Antiulcerants","1","Alimentary Tract and Metabolism","cap",99.9802356427563
"394425","3944","Lapatinib ditosylate","Tab 250 mg","250109","Protein-tyrosine Kinase Inhibitors","2501","Chemotherapeutic Agents","25","Oncology Agents and Immunosuppressants","tab",100
"125001","1250","Latanoprost","Eye drops 0.005%","310308","Glaucoma Preparations - Prostaglandin Analogues","3103","Eye Preparations","31","Sensory Organs","ml",99.9895583521339
"414025","4140","Latanoprost with timolol","Eye drops 0.005% with timolol 0.5%","310309","Glaucoma Preparations - Other","3103","Eye Preparations","31","Sensory Organs","ml",99.9981462257156
"376326","3763","Leflunomide","Tab 10 mg","190701","Antirheumatoid Agents","1907","Antirheumatoid Agents","19","Musculoskeletal System","tab",99.9876706977048
"376325","3763","Leflunomide","Tab 20 mg","190701","Antirheumatoid Agents","1907","Antirheumatoid Agents","19","Musculoskeletal System","tab",99.994019543633
"403525","4035","Lenalidomide (Revlimid)","Cap 10 mg","250107","Other Cytotoxic Agents","2501","Chemotherapeutic Agents","25","Oncology Agents and Immunosuppressants","cap",100
"403527","4035","Lenalidomide (Revlimid)","Cap 15 mg","250107","Other Cytotoxic Agents","2501","Chemotherapeutic Agents","25","Oncology Agents and Immunosuppressants","cap",100
"403526","4035","Lenalidomide (Revlimid)","Cap 25 mg","250107","Other Cytotoxic Agents","2501","Chemotherapeutic Agents","25","Oncology Agents and Immunosuppressants","cap",100
"403528","4035","Lenalidomide (Revlimid)","Cap 5 mg","250107","Other Cytotoxic Agents","2501","Chemotherapeutic Agents","25","Oncology Agents and Immunosuppressants","cap",99.9245518017748
"420226","4202","Lenalidomide (Viatris)","Cap 10 mg","250107","Other Cytotoxic Agents","2501","Chemotherapeutic Agents","25","Oncology Agents and Immunosuppressants","cap",100
"420227","4202","Lenalidomide (Viatris)","Cap 15 mg","250107","Other Cytotoxic Agents","2501","Chemotherapeutic Agents","25","Oncology Agents and Immunosuppressants","cap",100
"420228","4202","Lenalidomide (Viatris)","Cap 25 mg","250107","Other Cytotoxic Agents","2501","Chemotherapeutic Agents","25","Oncology Agents and Immunosuppressants","cap",100
"420225","4202","Lenalidomide (Viatris)","Cap 5 mg","250107","Other Cytotoxic Agents","2501","Chemotherapeutic Agents","25","Oncology Agents and Immunosuppressants","cap",100
"421526","4215","Lenvatinib","Cap 10 mg","250109","Protein-tyrosine Kinase Inhibitors","2501","Chemotherapeutic Agents","25","Oncology Agents and Immunosuppressants","cap",100
"421525","4215","Lenvatinib","Cap 4 mg","250109","Protein-tyrosine Kinase Inhibitors","2501","Chemotherapeutic Agents","25","Oncology Agents and Immunosuppressants","cap",100
"118101","1181","Letrozole","Tab 2.5 mg","250404","Aromatase Inhibitors","2504","Endocrine Therapy","25","Oncology Agents and Immunosuppressants","tab",99.9895452877729
"419225","4192","Leucine","Powder, 4 g sachets","421220","Single dose amino acids","4212","Foods And Supplements For Inherited Metabolic Disease","42","Special Foods","sach",100
"100930","1009","Leuprorelin","Inj 11.25 mg prefilled dual chamber syringe","141603","GnRH Analogues","1416","Trophic Hormones","14","Hormone Preparations - Systemic Excluding Contraceptive Hormones","inj",100
"100929","1009","Leuprorelin","Inj 3.75 mg prefilled dual chamber syringe","141603","GnRH Analogues","1416","Trophic Hormones","14","Hormone Preparations - Systemic Excluding Contraceptive Hormones","inj",100
"387731","3877","Levetiracetam","Inj 100 mg per ml, 5 ml vial","220702","Control of Epilepsy","2207","Antiepilepsy Drugs","22","Nervous System","inj",83.8718885590317
"387730","3877","Levetiracetam","Oral liq 100 mg per ml","220702","Control of Epilepsy","2207","Antiepilepsy Drugs","22","Nervous System","ml",99.9009859712755
"387725","3877","Levetiracetam","Tab","220702","Control of Epilepsy","2207","Antiepilepsy Drugs","22","Nervous System","tab",100
"387729","3877","Levetiracetam","Tab 1,000 mg","220702","Control of Epilepsy","2207","Antiepilepsy Drugs","22","Nervous System","tab",99.9852139926603
"387726","3877","Levetiracetam","Tab 250 mg","220702","Control of Epilepsy","2207","Antiepilepsy Drugs","22","Nervous System","tab",99.937229951742
"387727","3877","Levetiracetam","Tab 500 mg","220702","Control of Epilepsy","2207","Antiepilepsy Drugs","22","Nervous System","tab",99.9710609027627
"387728","3877","Levetiracetam","Tab 750 mg","220702","Control of Epilepsy","2207","Antiepilepsy Drugs","22","Nervous System","tab",99.9822469622176
"285301","2853","Levocabastine","Eye drops 0.5 mg per ml","310304","Corticosteroids and Other Anti-Inflammatory Preparations","3103","Eye Preparations","31","Sensory Organs","ml",99.9363342898135
"171706","1717","Levodopa with benserazide","Cap 100 mg with benserazide 25 mg","220101","Dopamine Agonists and Related Agents","2201","Agents for Parkinsonism and Related Disorders","22","Nervous System","cap",99.9810516125724
"171702","1717","Levodopa with benserazide","Cap 200 mg with benserazide 50 mg","220101","Dopamine Agonists and Related Agents","2201","Agents for Parkinsonism and Related Disorders","22","Nervous System","cap",99.9879991265706
"171708","1717","Levodopa with benserazide","Cap 50 mg with benserazide 12.5 mg","220101","Dopamine Agonists and Related Agents","2201","Agents for Parkinsonism and Related Disorders","22","Nervous System","cap",99.9367141386275
"171707","1717","Levodopa with benserazide","Cap long-acting 100 mg with benserazide 25 mg","220101","Dopamine Agonists and Related Agents","2201","Agents for Parkinsonism and Related Disorders","22","Nervous System","cap",99.9827535833305
"171709","1717","Levodopa with benserazide","Tab dispersible 50 mg with benserazide 12.5 mg","220101","Dopamine Agonists and Related Agents","2201","Agents for Parkinsonism and Related Disorders","22","Nervous System","tab",99.9604269168854
"172301","1723","Levodopa with carbidopa","Tab 100 mg with carbidopa 25 mg","220101","Dopamine Agonists and Related Agents","2201","Agents for Parkinsonism and Related Disorders","22","Nervous System","tab",99.973136398849
"172302","1723","Levodopa with carbidopa","Tab 250 mg with carbidopa 25 mg","220101","Dopamine Agonists and Related Agents","2201","Agents for Parkinsonism and Related Disorders","22","Nervous System","tab",99.9673693569792
"172303","1723","Levodopa with carbidopa","Tab long-acting 200 mg with carbidopa 50 mg","220101","Dopamine Agonists and Related Agents","2201","Agents for Parkinsonism and Related Disorders","22","Nervous System","tab",99.9673002044337
"421926","4219","Levodopa with carbidopa and entacapone","Tab 100 mg with carbidopa 25 mg and entacapone 200 mg","220101","Dopamine Agonists and Related Agents","2201","Agents for Parkinsonism and Related Disorders","22","Nervous System","tab",100
"421927","4219","Levodopa with carbidopa and entacapone","Tab 150 mg with carbidopa 37.5 mg and entacapone 200 mg","220101","Dopamine Agonists and Related Agents","2201","Agents for Parkinsonism and Related Disorders","22","Nervous System","tab",100
"421928","4219","Levodopa with carbidopa and entacapone","Tab 200 mg with carbidopa 50 mg and entacapone 200 mg","220101","Dopamine Agonists and Related Agents","2201","Agents for Parkinsonism and Related Disorders","22","Nervous System","tab",100
"421925","4219","Levodopa with carbidopa and entacapone","Tab 50 mg with carbidopa 12.5 mg and entacapone 200 mg","220101","Dopamine Agonists and Related Agents","2201","Agents for Parkinsonism and Related Disorders","22","Nervous System","tab",100
"179925","1799","Levomepromazine","Tab 100 mg (135 mg as a maleate)","222201","General","2222","Antipsychotics","22","Nervous System","tab",99.9503717407897
"179902","1799","Levomepromazine","Tab 100 mg as a maleate","222201","General","2222","Antipsychotics","22","Nervous System","tab",99.7015638056584
"179926","1799","Levomepromazine","Tab 25 mg (33.8 mg as a maleate)","222201","General","2222","Antipsychotics","22","Nervous System","tab",99.6013791881185
"179901","1799","Levomepromazine","Tab 25 mg as a maleate","222201","General","2222","Antipsychotics","22","Nervous System","tab",99.28493773776
"179803","1798","Levomepromazine hydrochloride","Inj 25 mg per ml, 1 ml ampoule","222201","General","2222","Antipsychotics","22","Nervous System","inj",81.6109510145184
"172429","1724","Levonorgestrel","Intra-uterine device 13.5 mg","130804","Progestogen-only Contraceptives","1308","Contraceptives - Hormonal","13","Genito-Urinary System","dev",77.6990785311511
"172426","1724","Levonorgestrel","Intra-uterine device 52 mg","130804","Progestogen-only Contraceptives","1308","Contraceptives - Hormonal","13","Genito-Urinary System","dev",81.7594090322353
"172430","1724","Levonorgestrel","Subdermal implant (2 x 75 mg rods)","130804","Progestogen-only Contraceptives","1308","Contraceptives - Hormonal","13","Genito-Urinary System","impl",17.0281448602845
"172428","1724","Levonorgestrel","Subdermal implant (2 x 75 mg rods),","130804","Progestogen-only Contraceptives","1308","Contraceptives - Hormonal","13","Genito-Urinary System","pack",24.6214706578819
"172427","1724","Levonorgestrel","Tab 1.5 mg","130805","Emergency Contraceptives","1308","Contraceptives - Hormonal","13","Genito-Urinary System","tab",86.3065606574611
"172401","1724","Levonorgestrel","Tab 30 mcg","130804","Progestogen-only Contraceptives","1308","Contraceptives - Hormonal","13","Genito-Urinary System","tab",95.7433050768321
"226302","2263","Levothyroxine","Tab 100 mcg","141401","Thyroid and Antithyroid Agents","1414","Thyroid and Antithyroid Agents","14","Hormone Preparations - Systemic Excluding Contraceptive Hormones","tab",99.9838556664256
"226325","2263","Levothyroxine","Tab 25 mcg","141401","Thyroid and Antithyroid Agents","1414","Thyroid and Antithyroid Agents","14","Hormone Preparations - Systemic Excluding Contraceptive Hormones","tab",99.9847442766543
"226301","2263","Levothyroxine","Tab 50 mcg","141401","Thyroid and Antithyroid Agents","1414","Thyroid and Antithyroid Agents","14","Hormone Preparations - Systemic Excluding Contraceptive Hormones","tab",99.9818768797628
"226304","2263","Levothyroxine","Tablet 100 mcg","141401","Thyroid and Antithyroid Agents","1414","Thyroid and Antithyroid Agents","14","Hormone Preparations - Systemic Excluding Contraceptive Hormones","tab",99.9712038739771
"226303","2263","Levothyroxine","Tablet 50 mcg","141401","Thyroid and Antithyroid Agents","1414","Thyroid and Antithyroid Agents","14","Hormone Preparations - Systemic Excluding Contraceptive Hormones","tab",99.9651046173864
"390526","3905","Lidocaine [Lignocaine]","Crm 4%","220204","Topical Local Anaesthetics","2202","Anaesthetics","22","Nervous System","g",100
"390529","3905","Lidocaine [Lignocaine]","Gel 2%, 11 ml urethral syringe","220201","Local","2202","Anaesthetics","22","Nervous System","each",60.4986625066422
"390528","3905","Lidocaine [Lignocaine]","Gel 2%, tube","220201","Local","2202","Anaesthetics","22","Nervous System","ml",75.2573055412547
"171907","1719","Lidocaine [Lignocaine] hydrochloride","Inj 1%, 20 ml ampoule","220201","Local","2202","Anaesthetics","22","Nervous System","inj",12.7236580516899
"171928","1719","Lidocaine [Lignocaine] hydrochloride","Inj 1%, 20 ml vial","220201","Local","2202","Anaesthetics","22","Nervous System","inj",7.31774469507758
"171910","1719","Lidocaine [Lignocaine] hydrochloride","Inj 1%, 5 ml ampoule","220201","Local","2202","Anaesthetics","22","Nervous System","inj",5.64300372594495
"171930","1719","Lidocaine [Lignocaine] hydrochloride","Inj 10%, 5 ml ampoule","220201","Local","2202","Anaesthetics","22","Nervous System","inj",100
"171929","1719","Lidocaine [Lignocaine] hydrochloride","Inj 2%, 20 ml vial","220201","Local","2202","Anaesthetics","22","Nervous System","inj",7.97481918028395
"171925","1719","Lidocaine [Lignocaine] hydrochloride","Inj 2%, 5 ml ampoule","220201","Local","2202","Anaesthetics","22","Nervous System","inj",7.39723640550901
"171927","1719","Lidocaine [Lignocaine] hydrochloride","Oral (gel) soln 2%","220201","Local","2202","Anaesthetics","22","Nervous System","ml",98.3283836877038
"387125","3871","Lidocaine [Lignocaine] with chlorhexidine","Gel 2% with chlorhexidine 0.05%, 10 ml urethral syringes","220201","Local","2202","Anaesthetics","22","Nervous System","each",77.2194724641313
"171501","1715","Lidocaine [Lignocaine] with prilocaine","Crm 2.5% with prilocaine 2.5%","220204","Topical Local Anaesthetics","2202","Anaesthetics","22","Nervous System","g",100
"171502","1715","Lidocaine [Lignocaine] with prilocaine","Crm 2.5% with prilocaine 2.5% (5 g tubes)","220204","Topical Local Anaesthetics","2202","Anaesthetics","22","Nervous System","tube",100
"417925","4179","Linezolid","Tab 600 mg","161601","Antituberculotics and Antileprotics","1616","Antituberculotics and Antileprotics","16","Infections - Agents for Systemic Use","tab",100
"417325","4173","Liraglutide","Inj 6 mg per ml, 3 ml prefilled pen","11315","GLP-1 Agonists","113","Diabetes","1","Alimentary Tract and Metabolism","inj",100
"109032","1090","Lisdexamfetamine dimesilate","Cap 30 mg","223101","Stimulants/ADHD Treatments","2231","Stimulants/ADHD Treatments","22","Nervous System","cap",100
"109033","1090","Lisdexamfetamine dimesilate","Cap 50 mg","223101","Stimulants/ADHD Treatments","2231","Stimulants/ADHD Treatments","22","Nervous System","cap",100
"109034","1090","Lisdexamfetamine dimesilate","Cap 70 mg","223101","Stimulants/ADHD Treatments","2231","Stimulants/ADHD Treatments","22","Nervous System","cap",100
"279702","2797","Lisinopril","Tab 10 mg","70701","ACE Inhibitors","707","Agents Affecting the Renin-Angiotensin System","7","Cardiovascular System","tab",99.9887537527278
"279703","2797","Lisinopril","Tab 20 mg","70701","ACE Inhibitors","707","Agents Affecting the Renin-Angiotensin System","7","Cardiovascular System","tab",99.9971993840141
"279701","2797","Lisinopril","Tab 5 mg","70701","ACE Inhibitors","707","Agents Affecting the Renin-Angiotensin System","7","Cardiovascular System","tab",99.9844139170422
"246604","2466","Lithium carbonate","Cap 250 mg","222201","General","2222","Antipsychotics","22","Nervous System","cap",99.9892600572584
"246603","2466","Lithium carbonate","Tab long-acting 400 mg","222201","General","2222","Antipsychotics","22","Nervous System","tab",99.9884658810722
"110301","1103","Lodoxamide","Eye drops 0.1%","310304","Corticosteroids and Other Anti-Inflammatory Preparations","3103","Eye Preparations","31","Sensory Organs","ml",99.7790684748777
"383825","3838","Lomustine","Cap 10 mg","250101","Alkylating Agents","2501","Chemotherapeutic Agents","25","Oncology Agents and Immunosuppressants","cap",100
"383826","3838","Lomustine","Cap 40 mg","250101","Alkylating Agents","2501","Chemotherapeutic Agents","25","Oncology Agents and Immunosuppressants","cap",100
"172801","1728","Loperamide hydrochloride","Cap 2 mg","10401","Agents Which Reduce Motility","104","Antidiarrhoeals","1","Alimentary Tract and Metabolism","cap",99.5793263060992
"172802","1728","Loperamide hydrochloride","Tab 2 mg","10401","Agents Which Reduce Motility","104","Antidiarrhoeals","1","Alimentary Tract and Metabolism","tab",99.5373737327454
"379827","3798","Lopinavir with ritonavir","Tab 200 mg with ritonavir 50 mg","162005","Protease Inhibitors","1620","Antiretrovirals","16","Infections - Agents for Systemic Use","tab",100
"283102","2831","Loratadine","Oral liq 1 mg per ml","280401","Antihistamines","2804","Antihistamines","28","Respiratory System and Allergies","ml",99.4067754453169
"283101","2831","Loratadine","Tab 10 mg","280401","Antihistamines","2804","Antihistamines","28","Respiratory System and Allergies","tab",99.7638768855679
"173004","1730","Lorazepam","Tab 1 mg","222501","Anxiolytics","2225","Anxiolytics","22","Nervous System","tab",99.7553240630372
"173002","1730","Lorazepam","Tab 2.5 mg","222501","Anxiolytics","2225","Anxiolytics","22","Nervous System","tab",99.8969953805239
"106125","1061","Losartan potassium","Tab 100 mg","70703","Angiotensin II Antagonists","707","Agents Affecting the Renin-Angiotensin System","7","Cardiovascular System","tab",99.9967280292559
"106102","1061","Losartan potassium","Tab 12.5 mg","70703","Angiotensin II Antagonists","707","Agents Affecting the Renin-Angiotensin System","7","Cardiovascular System","tab",99.9786037891895
"106126","1061","Losartan potassium","Tab 25 mg","70703","Angiotensin II Antagonists","707","Agents Affecting the Renin-Angiotensin System","7","Cardiovascular System","tab",99.9808801221936
"106101","1061","Losartan potassium","Tab 50 mg","70703","Angiotensin II Antagonists","707","Agents Affecting the Renin-Angiotensin System","7","Cardiovascular System","tab",99.9872167889555
"106805","1068","Losartan potassium with hydrochlorothiazide","Tab 50 mg with hydrochlorothiazide 12.5 mg","70705","Angiotensin II Antagonists with Diuretics","707","Agents Affecting the Renin-Angiotensin System","7","Cardiovascular System","tab",99.9969673803631
"293401","2934","Low protein baking mix","Powder","421207","Foods","4212","Foods And Supplements For Inherited Metabolic Disease","42","Special Foods","g",100
"293527","2935","Low protein pasta","Animal shapes","421207","Foods","4212","Foods And Supplements For Inherited Metabolic Disease","42","Special Foods","g",100
"293525","2935","Low protein pasta","Lasagne","421207","Foods","4212","Foods And Supplements For Inherited Metabolic Disease","42","Special Foods","g",100
"293501","2935","Low protein pasta","Low protein rice pasta","421207","Foods","4212","Foods And Supplements For Inherited Metabolic Disease","42","Special Foods","g",100
"293502","2935","Low protein pasta","Macaroni","421207","Foods","4212","Foods And Supplements For Inherited Metabolic Disease","42","Special Foods","g",100
"293526","2935","Low protein pasta","Penne","421207","Foods","4212","Foods And Supplements For Inherited Metabolic Disease","42","Special Foods","g",100
"293503","2935","Low protein pasta","Spaghetti","421207","Foods","4212","Foods And Supplements For Inherited Metabolic Disease","42","Special Foods","g",100
"293504","2935","Low protein pasta","Spirals","421207","Foods","4212","Foods And Supplements For Inherited Metabolic Disease","42","Special Foods","g",100
"387425","3874","Macrogol 3350 with potassium chloride, sodium bicarbonate and sodium chloride","Powder for oral soln 13.125 g with potassium chloride 46.6 mg, sodium bicarbonate 178.5 mg and sodium chloride 350.7 mg","12507","Osmotic Laxatives","125","Laxatives","1","Alimentary Tract and Metabolism","sach",99.7405065863558
"248703","2487","Magnesium hydroxide","Paste 29%","380101","Extemporaneously Compounded Preparations and Galenicals","3801","Extemporaneously Compounded Preparations and Galenicals","38","Extemporaneously Compounded Preparations and Galenicals","g",100
"248725","2487","Magnesium hydroxide","Suspension 8%","13840","Magnesium","138","Minerals","1","Alimentary Tract and Metabolism","ml",99.9809831119015
"332925","3329","Magnesium sulphate","Inj 2 mmol per ml, 10 ml ampoule","13840","Magnesium","138","Minerals","1","Alimentary Tract and Metabolism","inj",5.48953027730617
"332903","3329","Magnesium sulphate","Inj 2 mmol per ml, 5 ml ampoule","13840","Magnesium","138","Minerals","1","Alimentary Tract and Metabolism","inj",44.5097588318147
"176002","1760","Maprotiline hydrochloride","Tab 75 mg","220501","Cyclic and Related Agents","2205","Antidepressants","22","Nervous System","tab",100
"395626","3956","Measles, mumps and rubella vaccine","Inj, measles virus 1,000 CCID50, mumps virus 5,012 CCID50, Rubella virus 1,000 CCID50; prefilled syringe/ampoule of diluent 0.5 ml","452501","Vaccinations","4525","Vaccinations","45","National Immunisation Schedule","inj",100
"176201","1762","Mebendazole","Oral liq 100 mg per 5 ml","160101","Anthelmintics","1601","Anthelmintics","16","Infections - Agents for Systemic Use","ml",100
"176202","1762","Mebendazole","Tab 100 mg","160101","Anthelmintics","1601","Anthelmintics","16","Infections - Agents for Systemic Use","tab",100
"238101","2381","Mebeverine hydrochloride","Tab 135 mg","10701","Antispasmodics and Other Agents Altering Gut Motility","107","Antispasmodics and Other Agents Altering Gut Motility","1","Alimentary Tract and Metabolism","tab",99.9807419437131
"176608","1766","Medroxyprogesterone acetate","Inj 150 mg per ml, 1 ml syringe","130804","Progestogen-only Contraceptives","1308","Contraceptives - Hormonal","13","Genito-Urinary System","inj",3.358028026338
"176607","1766","Medroxyprogesterone acetate","Tab 10 mg","141109","Progestogens","1411","Hormone Replacement Therapy - Systemic","14","Hormone Preparations - Systemic Excluding Contraceptive Hormones","tab",99.8137422941416
"176601","1766","Medroxyprogesterone acetate","Tab 100 mg","141301","Other Progestogen Preparations","1413","Other Progestogen Preparations","14","Hormone Preparations - Systemic Excluding Contraceptive Hormones","tab",99.9460659536338
"176605","1766","Medroxyprogesterone acetate","Tab 2.5 mg","141109","Progestogens","1411","Hormone Replacement Therapy - Systemic","14","Hormone Preparations - Systemic Excluding Contraceptive Hormones","tab",99.9977743082569
"176606","1766","Medroxyprogesterone acetate","Tab 5 mg","141109","Progestogens","1411","Hormone Replacement Therapy - Systemic","14","Hormone Preparations - Systemic Excluding Contraceptive Hormones","tab",99.9657885262734
"176901","1769","Mefenamic acid","Cap 250 mg","190401","Non-Steroidal Anti-Inflammatory Drugs","1904","Non-Steroidal Anti-Inflammatory Drugs","19","Musculoskeletal System","cap",99.7098712903532
"177201","1772","Megestrol acetate","Tab 160 mg","250401","Endocrine Therapy","2504","Endocrine Therapy","25","Oncology Agents and Immunosuppressants","tab",99.9278930112554
"408325","4083","Melatonin","Tab modified-release 2 mg","222801","Sedatives and Hypnotics","2228","Sedatives and Hypnotics","22","Nervous System","tab",100
"177301","1773","Melphalan","Tab 2 mg","250101","Alkylating Agents","2501","Chemotherapeutic Agents","25","Oncology Agents and Immunosuppressants","tab",100
"402926","4029","Meningococcal (groups A, C, Y and W-135) conjugate vaccine","Inj 10 mcg of each meningococcal polysaccharide conjugated to a total of approximately 55 mcg of tetanus toxoid carrier per 0.5 ml vial","452501","Vaccinations","4525","Vaccinations","45","National Immunisation Schedule","inj",100
"402925","4029","Meningococcal (groups A, C, Y and W-135) conjugate vaccine","Inj 4 mcg of each meningococcal  polysaccharide conjugated to a total of approximately  48 mcg of diphtheria toxoid carrier per 0.5 ml vial","452501","Vaccinations","4525","Vaccinations","45","National Immunisation Schedule","inj",100
"414725","4147","Meningococcal B multicomponent vaccine","Inj 175 mcg per 0.5 ml prefilled syringe","452501","Vaccinations","4525","Vaccinations","45","National Immunisation Schedule","inj",100
"333301","3333","Menthol","Crystals","100801","Antipruritic Preparations","1008","Antipruritic Preparations","10","Dermatologicals","g",99.881237393037
"412726","4127","Mepolizumab","Inj 100 mg prefilled pen","250704","Monoclonal Antibodies","2507","Immunosuppressants","25","Oncology Agents and Immunosuppressants","inj",100
"412725","4127","Mepolizumab","Inj 100 mg vial","250704","Monoclonal Antibodies","2507","Immunosuppressants","25","Oncology Agents and Immunosuppressants","inj",100
"178125","1781","Mercaptopurine","Oral suspension 20 mg per ml","250104","Antimetabolites","2501","Chemotherapeutic Agents","25","Oncology Agents and Immunosuppressants","ml",100
"178102","1781","Mercaptopurine","Tab 50 mg","250104","Antimetabolites","2501","Chemotherapeutic Agents","25","Oncology Agents and Immunosuppressants","tab",99.998717678397
"253303","2533","Mesalazine","Enema 1 g per 100 ml","10404","Rectal and Colonic Anti-inflammatories","104","Antidiarrhoeals","1","Alimentary Tract and Metabolism","en",99.9935431502048
"253327","2533","Mesalazine","Modified release granules, 1 g ","10404","Rectal and Colonic Anti-inflammatories","104","Antidiarrhoeals","1","Alimentary Tract and Metabolism","sach",99.9958402497435
"253325","2533","Mesalazine","Suppos 1 g","10404","Rectal and Colonic Anti-inflammatories","104","Antidiarrhoeals","1","Alimentary Tract and Metabolism","supp",99.9985292371889
"253305","2533","Mesalazine","Suppos 500 mg","10404","Rectal and Colonic Anti-inflammatories","104","Antidiarrhoeals","1","Alimentary Tract and Metabolism","supp",99.9851171282011
"253329","2533","Mesalazine","Tab 1,600 mg","10404","Rectal and Colonic Anti-inflammatories","104","Antidiarrhoeals","1","Alimentary Tract and Metabolism","tab",100
"253304","2533","Mesalazine","Tab 400 mg","10404","Rectal and Colonic Anti-inflammatories","104","Antidiarrhoeals","1","Alimentary Tract and Metabolism","tab",99.9947221339468
"253328","2533","Mesalazine","Tab 800 mg","10404","Rectal and Colonic Anti-inflammatories","104","Antidiarrhoeals","1","Alimentary Tract and Metabolism","tab",99.996850780854
"253326","2533","Mesalazine","Tab EC 500 mg","10404","Rectal and Colonic Anti-inflammatories","104","Antidiarrhoeals","1","Alimentary Tract and Metabolism","tab",99.9806591366239
"253302","2533","Mesalazine","Tab long-acting 500 mg","10404","Rectal and Colonic Anti-inflammatories","104","Antidiarrhoeals","1","Alimentary Tract and Metabolism","tab",99.9973325164976
"382027","3820","Mesna","Tab 400 mg","250107","Other Cytotoxic Agents","2501","Chemotherapeutic Agents","25","Oncology Agents and Immunosuppressants","tab",100
"382028","3820","Mesna","Tab 600 mg","250107","Other Cytotoxic Agents","2501","Chemotherapeutic Agents","25","Oncology Agents and Immunosuppressants","tab",100
"179401","1794","Metformin hydrochloride","Tab immediate-release 500 mg","11312","Oral Hypoglycaemic Agents","113","Diabetes","1","Alimentary Tract and Metabolism","tab",99.9874535316197
"179402","1794","Metformin hydrochloride","Tab immediate-release 850 mg","11312","Oral Hypoglycaemic Agents","113","Diabetes","1","Alimentary Tract and Metabolism","tab",99.9839659335378
"179502","1795","Methadone hydrochloride","Inj 10 mg per ml, 1 ml","220407","Opioid Analgesics","2204","Analgesics","22","Nervous System","inj",59.3862206054511
"179507","1795","Methadone hydrochloride","Oral liq 10 mg per ml","220407","Opioid Analgesics","2204","Analgesics","22","Nervous System","ml",99.5909159512693
"179505","1795","Methadone hydrochloride","Oral liq 2 mg per ml","220407","Opioid Analgesics","2204","Analgesics","22","Nervous System","ml",98.7981897930418
"179506","1795","Methadone hydrochloride","Oral liq 5 mg per ml","220407","Opioid Analgesics","2204","Analgesics","22","Nervous System","ml",99.9403493208533
"179504","1795","Methadone hydrochloride","Powder","380101","Extemporaneously Compounded Preparations and Galenicals","3801","Extemporaneously Compounded Preparations and Galenicals","38","Extemporaneously Compounded Preparations and Galenicals","g",100
"179501","1795","Methadone hydrochloride","Tab 5 mg","220407","Opioid Analgesics","2204","Analgesics","22","Nervous System","tab",98.0120609858534
"179525","1795","Methadone hydrochloride","Tab 5 mg - bottle pack","220407","Opioid Analgesics","2204","Analgesics","22","Nervous System","tab",100
"159401","1594","Methenamine (hexamine) hippurate","Tab 1 g","162301","Urinary Tract Infections","1623","Urinary Tract Infections","16","Infections - Agents for Systemic Use","tab",99.9516280677827
"179730","1797","Methotrexate","Inj 10 mg prefilled syringe","250104","Antimetabolites","2501","Chemotherapeutic Agents","25","Oncology Agents and Immunosuppressants","inj",100
"179711","1797","Methotrexate","Inj 100 mg per ml, 50 ml vial","250104","Antimetabolites","2501","Chemotherapeutic Agents","25","Oncology Agents and Immunosuppressants","inj",100
"179731","1797","Methotrexate","Inj 15 mg prefilled syringe","250104","Antimetabolites","2501","Chemotherapeutic Agents","25","Oncology Agents and Immunosuppressants","inj",100
"179704","1797","Methotrexate","Inj 2.5 mg per ml, 2 ml","250104","Antimetabolites","2501","Chemotherapeutic Agents","25","Oncology Agents and Immunosuppressants","inj",100
"179732","1797","Methotrexate","Inj 20 mg prefilled syringe","250104","Antimetabolites","2501","Chemotherapeutic Agents","25","Oncology Agents and Immunosuppressants","inj",100
"179707","1797","Methotrexate","Inj 25 mg per ml, 2 ml vial","250104","Antimetabolites","2501","Chemotherapeutic Agents","25","Oncology Agents and Immunosuppressants","inj",100
"179710","1797","Methotrexate","Inj 25 mg per ml, 20 ml vial","250104","Antimetabolites","2501","Chemotherapeutic Agents","25","Oncology Agents and Immunosuppressants","inj",100
"179733","1797","Methotrexate","Inj 25 mg prefilled syringe","250104","Antimetabolites","2501","Chemotherapeutic Agents","25","Oncology Agents and Immunosuppressants","inj",100
"179734","1797","Methotrexate","Inj 30 mg prefilled syringe","250104","Antimetabolites","2501","Chemotherapeutic Agents","25","Oncology Agents and Immunosuppressants","inj",100
"179729","1797","Methotrexate","Inj 7.5 mg prefilled syringe","250104","Antimetabolites","2501","Chemotherapeutic Agents","25","Oncology Agents and Immunosuppressants","inj",100
"179702","1797","Methotrexate","Tab 10 mg","250104","Antimetabolites","2501","Chemotherapeutic Agents","25","Oncology Agents and Immunosuppressants","tab",99.9953529690612
"179701","1797","Methotrexate","Tab 2.5 mg","250104","Antimetabolites","2501","Chemotherapeutic Agents","25","Oncology Agents and Immunosuppressants","tab",99.9994142832877
"343901","3439","Methyl hydroxybenzoate","Powder","380101","Extemporaneously Compounded Preparations and Galenicals","3801","Extemporaneously Compounded Preparations and Galenicals","38","Extemporaneously Compounded Preparations and Galenicals","g",99.8711319131678
"333601","3336","Methylated spirit","Methylated spirit industrial","380101","Extemporaneously Compounded Preparations and Galenicals","3801","Extemporaneously Compounded Preparations and Galenicals","38","Extemporaneously Compounded Preparations and Galenicals","ml",100
"333701","3337","Methylcellulose","Powder","380101","Extemporaneously Compounded Preparations and Galenicals","3801","Extemporaneously Compounded Preparations and Galenicals","38","Extemporaneously Compounded Preparations and Galenicals","g",96.8310168874782
"333725","3337","Methylcellulose","Suspension","380101","Extemporaneously Compounded Preparations and Galenicals","3801","Extemporaneously Compounded Preparations and Galenicals","38","Extemporaneously Compounded Preparations and Galenicals","ml",99.9404205216813
"392925","3929","Methylcellulose with glycerin and sodium saccharin","Suspension","380101","Extemporaneously Compounded Preparations and Galenicals","3801","Extemporaneously Compounded Preparations and Galenicals","38","Extemporaneously Compounded Preparations and Galenicals","ml",99.2236404424206
"392825","3928","Methylcellulose with glycerin and sucrose","Suspension","380101","Extemporaneously Compounded Preparations and Galenicals","3801","Extemporaneously Compounded Preparations and Galenicals","38","Extemporaneously Compounded Preparations and Galenicals","ml",99.8244737605819
"180602","1806","Methyldopa","Tab 250 mg","72801","Centrally-Acting Agents","728","Centrally-Acting Agents","7","Cardiovascular System","tab",99.972350716503
"408925","4089","Methylnaltrexone bromide","Inj 12 mg per 0.6 ml vial","12505","Opioid Receptor Antagonists - Peripheral","125","Laxatives","1","Alimentary Tract and Metabolism","inj",100
"180935","1809","Methylphenidate hydrochloride","Tab extended-release 18 mg","223101","Stimulants/ADHD Treatments","2231","Stimulants/ADHD Treatments","22","Nervous System","tab",100
"180937","1809","Methylphenidate hydrochloride","Tab extended-release 27 mg","223101","Stimulants/ADHD Treatments","2231","Stimulants/ADHD Treatments","22","Nervous System","tab",100
"180936","1809","Methylphenidate hydrochloride","Tab extended-release 36 mg","223101","Stimulants/ADHD Treatments","2231","Stimulants/ADHD Treatments","22","Nervous System","tab",100
"180938","1809","Methylphenidate hydrochloride","Tab extended-release 54 mg","223101","Stimulants/ADHD Treatments","2231","Stimulants/ADHD Treatments","22","Nervous System","tab",100
"180901","1809","Methylphenidate hydrochloride","Tab immediate-release 10 mg","223101","Stimulants/ADHD Treatments","2231","Stimulants/ADHD Treatments","22","Nervous System","tab",100
"180927","1809","Methylphenidate hydrochloride","Tab immediate-release 20 mg","223101","Stimulants/ADHD Treatments","2231","Stimulants/ADHD Treatments","22","Nervous System","tab",100
"180926","1809","Methylphenidate hydrochloride","Tab immediate-release 5 mg","223101","Stimulants/ADHD Treatments","2231","Stimulants/ADHD Treatments","22","Nervous System","tab",100
"180939","1809","Methylphenidate hydrochloride","Tab modified-release 18 mg","223101","Stimulants/ADHD Treatments","2231","Stimulants/ADHD Treatments","22","Nervous System","tab",100
"180940","1809","Methylphenidate hydrochloride","Tab modified-release 27 mg","223101","Stimulants/ADHD Treatments","2231","Stimulants/ADHD Treatments","22","Nervous System","tab",100
"180941","1809","Methylphenidate hydrochloride","Tab modified-release 36 mg","223101","Stimulants/ADHD Treatments","2231","Stimulants/ADHD Treatments","22","Nervous System","tab",100
"180942","1809","Methylphenidate hydrochloride","Tab modified-release 54 mg","223101","Stimulants/ADHD Treatments","2231","Stimulants/ADHD Treatments","22","Nervous System","tab",100
"180925","1809","Methylphenidate hydrochloride","Tab sustained-release  20 mg","223101","Stimulants/ADHD Treatments","2231","Stimulants/ADHD Treatments","22","Nervous System","tab",100
"388032","3880","Methylphenidate hydrochloride extended-release","Cap modified-release 10 mg","223101","Stimulants/ADHD Treatments","2231","Stimulants/ADHD Treatments","22","Nervous System","cap",100
"388029","3880","Methylphenidate hydrochloride extended-release","Cap modified-release 20 mg","223101","Stimulants/ADHD Treatments","2231","Stimulants/ADHD Treatments","22","Nervous System","cap",100
"388030","3880","Methylphenidate hydrochloride extended-release","Cap modified-release 30 mg","223101","Stimulants/ADHD Treatments","2231","Stimulants/ADHD Treatments","22","Nervous System","cap",100
"388031","3880","Methylphenidate hydrochloride extended-release","Cap modified-release 40 mg","223101","Stimulants/ADHD Treatments","2231","Stimulants/ADHD Treatments","22","Nervous System","cap",100
"388025","3880","Methylphenidate hydrochloride extended-release","Tab extended-release 18 mg","223101","Stimulants/ADHD Treatments","2231","Stimulants/ADHD Treatments","22","Nervous System","tab",100
"388027","3880","Methylphenidate hydrochloride extended-release","Tab extended-release 27 mg","223101","Stimulants/ADHD Treatments","2231","Stimulants/ADHD Treatments","22","Nervous System","tab",100
"388026","3880","Methylphenidate hydrochloride extended-release","Tab extended-release 36 mg","223101","Stimulants/ADHD Treatments","2231","Stimulants/ADHD Treatments","22","Nervous System","tab",100
"388028","3880","Methylphenidate hydrochloride extended-release","Tab extended-release 54 mg","223101","Stimulants/ADHD Treatments","2231","Stimulants/ADHD Treatments","22","Nervous System","tab",100
"181102","1811","Methylprednisolone","Tab 100 mg","140701","Corticosteroids and Related Agents for Systemic Use","1407","Corticosteroids and Related Agents for Systemic Use","14","Hormone Preparations - Systemic Excluding Contraceptive Hormones","tab",99.913945767717
"181101","1811","Methylprednisolone","Tab 4 mg","140701","Corticosteroids and Related Agents for Systemic Use","1407","Corticosteroids and Related Agents for Systemic Use","14","Hormone Preparations - Systemic Excluding Contraceptive Hormones","tab",99.6748281135897
"181205","1812","Methylprednisolone (as sodium succinate)","Inj 1 g vial","140701","Corticosteroids and Related Agents for Systemic Use","1407","Corticosteroids and Related Agents for Systemic Use","14","Hormone Preparations - Systemic Excluding Contraceptive Hormones","inj",83.2599118942731
"181202","1812","Methylprednisolone (as sodium succinate)","Inj 125 mg vial","140701","Corticosteroids and Related Agents for Systemic Use","1407","Corticosteroids and Related Agents for Systemic Use","14","Hormone Preparations - Systemic Excluding Contraceptive Hormones","inj",48.7684729064039
"181201","1812","Methylprednisolone (as sodium succinate)","Inj 40 mg vial","140701","Corticosteroids and Related Agents for Systemic Use","1407","Corticosteroids and Related Agents for Systemic Use","14","Hormone Preparations - Systemic Excluding Contraceptive Hormones","inj",77.8464254192409
"181204","1812","Methylprednisolone (as sodium succinate)","Inj 500 mg vial","140701","Corticosteroids and Related Agents for Systemic Use","1407","Corticosteroids and Related Agents for Systemic Use","14","Hormone Preparations - Systemic Excluding Contraceptive Hormones","inj",77.4647887323944
"108201","1082","Methylprednisolone aceponate","Crm 0.1%","101101","Corticosteroids - Plain","1011","Corticosteroids Topical","10","Dermatologicals","g",99.7133397932816
"108202","1082","Methylprednisolone aceponate","Oint 0.1%","101101","Corticosteroids - Plain","1011","Corticosteroids Topical","10","Dermatologicals","g",99.9193548387097
"181005","1810","Methylprednisolone acetate","Inj 40 mg per ml, 1 ml vial","140701","Corticosteroids and Related Agents for Systemic Use","1407","Corticosteroids and Related Agents for Systemic Use","14","Hormone Preparations - Systemic Excluding Contraceptive Hormones","inj",56.9543723695638
"181403","1814","Metoclopramide hydrochloride","Inj 5 mg per ml, 2 ml ampoule","221601","Antinausea and Vertigo Agents","2216","Antinausea and Vertigo Agents","22","Nervous System","inj",68.8437987045905
"181401","1814","Metoclopramide hydrochloride","Tab 10 mg","221601","Antinausea and Vertigo Agents","2216","Antinausea and Vertigo Agents","22","Nervous System","tab",98.8453600191615
"400625","4006","Metolazone","Tab 5 mg","73110","Thiazide and Related Diuretics","731","Diuretics","7","Cardiovascular System","tab",99.7231581114342
"181703","1817","Metoprolol succinate","Tab long-acting 190 mg","71601","Beta Adrenoceptor Blockers","716","Beta-Adrenoceptor Blockers","7","Cardiovascular System","tab",99.9948904277122
"181725","1817","Metoprolol succinate","Tab long-acting 23.75 mg","71601","Beta Adrenoceptor Blockers","716","Beta-Adrenoceptor Blockers","7","Cardiovascular System","tab",99.9719037171958
"181701","1817","Metoprolol succinate","Tab long-acting 47.5 mg","71601","Beta Adrenoceptor Blockers","716","Beta-Adrenoceptor Blockers","7","Cardiovascular System","tab",99.9808974168663
"181702","1817","Metoprolol succinate","Tab long-acting 95 mg","71601","Beta Adrenoceptor Blockers","716","Beta-Adrenoceptor Blockers","7","Cardiovascular System","tab",99.9893166561915
"181804","1818","Metoprolol tartrate","Inj 1 mg per ml, 5 ml vial","71601","Beta Adrenoceptor Blockers","716","Beta-Adrenoceptor Blockers","7","Cardiovascular System","inj",2.02942668696093
"181802","1818","Metoprolol tartrate","Tab 100 mg","71601","Beta Adrenoceptor Blockers","716","Beta-Adrenoceptor Blockers","7","Cardiovascular System","tab",99.9272025433716
"181801","1818","Metoprolol tartrate","Tab 50 mg","71601","Beta Adrenoceptor Blockers","716","Beta-Adrenoceptor Blockers","7","Cardiovascular System","tab",99.5442962889168
"181803","1818","Metoprolol tartrate","Tab long-acting 200 mg","71601","Beta Adrenoceptor Blockers","716","Beta-Adrenoceptor Blockers","7","Cardiovascular System","tab",99.9945684055011
"182003","1820","Metronidazole","Oral liq benzoate 200 mg per 5 ml","161301","Antitrichomonal Agents","1613","Antitrichomonal Agents","16","Infections - Agents for Systemic Use","ml",96.8655389179579
"182005","1820","Metronidazole","Suppos 500 mg","161301","Antitrichomonal Agents","1613","Antitrichomonal Agents","16","Infections - Agents for Systemic Use","supp",85.7523782795667
"182001","1820","Metronidazole","Tab 200 mg","161301","Antitrichomonal Agents","1613","Antitrichomonal Agents","16","Infections - Agents for Systemic Use","tab",87.0979759436778
"182002","1820","Metronidazole","Tab 400 mg","161301","Antitrichomonal Agents","1613","Antitrichomonal Agents","16","Infections - Agents for Systemic Use","tab",95.8445145802048
"182201","1822","Metyrapone","Cap 250 mg","142101","Other Endocrine Agents","1421","Other Endocrine Agents","14","Hormone Preparations - Systemic Excluding Contraceptive Hormones","cap",100
"182325","1823","Mexiletine hydrochloride","Cap 150 mg","71301","Antiarrhythmics","713","Antiarrhythmics","7","Cardiovascular System","cap",99.9468734084922
"182326","1823","Mexiletine hydrochloride","Cap 250 mg","71301","Antiarrhythmics","713","Antiarrhythmics","7","Cardiovascular System","cap",99.8304969828463
"182501","1825","Miconazole","Oral gel 20 mg per g","13107","Oropharyngeal Anti-infectives","131","Mouth and Throat","1","Alimentary Tract and Metabolism","g",98.2856046600858
"162003","1620","Miconazole nitrate","Crm 2%","100701","Antifungals Topical","1007","Antifungals Topical","10","Dermatologicals","g",100
"162001","1620","Miconazole nitrate","Lotn 2%","100701","Antifungals Topical","1007","Antifungals Topical","10","Dermatologicals","ml",100
"162002","1620","Miconazole nitrate","Tinct 2%","100701","Antifungals Topical","1007","Antifungals Topical","10","Dermatologicals","ml",100
"162006","1620","Miconazole nitrate","Vaginal crm 2% with applicator","131001","Gynaecological Anti-infectives","1310","Gynaecological Anti-infectives","13","Genito-Urinary System","g",98.3700269262336
"253902","2539","Midazolam","Inj 1 mg per ml, 5 ml ampoule","222801","Sedatives and Hypnotics","2228","Sedatives and Hypnotics","22","Nervous System","inj",11.5042769711647
"253925","2539","Midazolam","Inj 1 mg per ml, 5 ml plastic ampoule","222801","Sedatives and Hypnotics","2228","Sedatives and Hypnotics","22","Nervous System","inj",47.3642006597808
"253927","2539","Midazolam","Inj 5 mg per ml, 1 ml plastic ampoule","222801","Sedatives and Hypnotics","2228","Sedatives and Hypnotics","22","Nervous System","inj",92.3107115488851
"253903","2539","Midazolam","Inj 5 mg per ml, 3 ml ampoule ","222801","Sedatives and Hypnotics","2228","Sedatives and Hypnotics","22","Nervous System","inj",83.5579929030177
"253926","2539","Midazolam","Inj 5 mg per ml, 3 ml plastic ampoule ","222801","Sedatives and Hypnotics","2228","Sedatives and Hypnotics","22","Nervous System","inj",91.6845148738422
"253901","2539","Midazolam","Tab 7.5 mg","222801","Sedatives and Hypnotics","2228","Sedatives and Hypnotics","22","Nervous System","tab",100
"101201","1012","Midodrine","Tab 2.5 mg","71501","Antihypotensives","715","Antihypotensives","7","Cardiovascular System","tab",99.9975086937247
"101202","1012","Midodrine","Tab 5 mg","71501","Antihypotensives","715","Antihypotensives","7","Cardiovascular System","tab",100
"419925","4199","Midostaurin","Cap 25 mg","250109","Protein-tyrosine Kinase Inhibitors","2501","Chemotherapeutic Agents","25","Oncology Agents and Immunosuppressants","cap",100
"412925","4129","Mifepristone","Tab 200 mg","132501","Antiprogesterones","1325","Obstetric Preparations","13","Genito-Urinary System","tab",44.6847073631215
"182802","1828","Minocycline hydrochloride","Cap 100 mg","160310","Tetracyclines","1603","Antibacterials","16","Infections - Agents for Systemic Use","cap",99.8594413981899
"182801","1828","Minocycline hydrochloride","Tab 50 mg","160310","Tetracyclines","1603","Antibacterials","16","Infections - Agents for Systemic Use","tab",99.9974239959196
"245102","2451","Minoxidil","Tab 10 mg","74001","Vasodilators","740","Vasodilators","7","Cardiovascular System","tab",99.9627405579532
"390125","3901","Mirtazapine","Tab 30 mg","220509","Other Antidepressants","2205","Antidepressants","22","Nervous System","tab",99.9691861789741
"390126","3901","Mirtazapine","Tab 45 mg","220509","Other Antidepressants","2205","Antidepressants","22","Nervous System","tab",99.9755651764902
"254601","2546","Misoprostol","Tab 200 mcg","11001","Antisecretory and Cytoprotective","110","Antiulcerants","1","Alimentary Tract and Metabolism","tab",71.6868461799917
"263802","2638","Moclobemide","Tab 150 mg","220505","Monoamine-Oxidase Type A Inhibitors","2205","Antidepressants","22","Nervous System","tab",99.9962851293901
"263803","2638","Moclobemide","Tab 300 mg","220505","Monoamine-Oxidase Type A Inhibitors","2205","Antidepressants","22","Nervous System","tab",99.9998259093841
"393525","3935","Modafinil","Tab 100 mg","223101","Stimulants/ADHD Treatments","2231","Stimulants/ADHD Treatments","22","Nervous System","tab",100
"415725","4157","Molnupiravir","Cap 200 mg","161917","COVID-19 Treatments","1619","Antivirals","16","Infections - Agents for Systemic Use","cap",100
"283703","2837","Mometasone furoate","Crm 0.1%","101101","Corticosteroids - Plain","1011","Corticosteroids Topical","10","Dermatologicals","g",99.8990443503113
"283701","2837","Mometasone furoate","Lotn 0.1%","101101","Corticosteroids - Plain","1011","Corticosteroids Topical","10","Dermatologicals","ml",99.962589411307
"283704","2837","Mometasone furoate","Oint 0.1%","101101","Corticosteroids - Plain","1011","Corticosteroids Topical","10","Dermatologicals","g",99.9231350699428
"396727","3967","Montelukast","Tab 10 mg","283704","Leukotriene Receptor Antagonists","2837","Leukotriene Receptor Antagonists","28","Respiratory System and Allergies","tab",99.9844851593978
"396725","3967","Montelukast","Tab 4 mg","283704","Leukotriene Receptor Antagonists","2837","Leukotriene Receptor Antagonists","28","Respiratory System and Allergies","tab",99.9685688210278
"396726","3967","Montelukast","Tab 5 mg","283704","Leukotriene Receptor Antagonists","2837","Leukotriene Receptor Antagonists","28","Respiratory System and Allergies","tab",99.9502731466802
"183001","1830","Morphine hydrochloride","Oral liq 1 mg per ml","220407","Opioid Analgesics","2204","Analgesics","22","Nervous System","ml",94.9063015333512
"183004","1830","Morphine hydrochloride","Oral liq 10 mg per ml","220407","Opioid Analgesics","2204","Analgesics","22","Nervous System","ml",97.4279471257816
"183002","1830","Morphine hydrochloride","Oral liq 2 mg per ml","220407","Opioid Analgesics","2204","Analgesics","22","Nervous System","ml",98.400286048081
"183003","1830","Morphine hydrochloride","Oral liq 5 mg per ml","220407","Opioid Analgesics","2204","Analgesics","22","Nervous System","ml",97.7933522238366
"183122","1831","Morphine sulphate","Cap long-acting 10 mg","220407","Opioid Analgesics","2204","Analgesics","22","Nervous System","cap",95.9882208844165
"183119","1831","Morphine sulphate","Cap long-acting 100 mg","220407","Opioid Analgesics","2204","Analgesics","22","Nervous System","cap",98.9258146259919
"183126","1831","Morphine sulphate","Cap long-acting 30 mg","220407","Opioid Analgesics","2204","Analgesics","22","Nervous System","cap",98.0309372956696
"183127","1831","Morphine sulphate","Cap long-acting 60 mg","220407","Opioid Analgesics","2204","Analgesics","22","Nervous System","cap",98.6848268674997
"183108","1831","Morphine sulphate","Inj 10 mg per ml, 1 ml ampoule","220407","Opioid Analgesics","2204","Analgesics","22","Nervous System","inj",67.1523153828106
"183110","1831","Morphine sulphate","Inj 15 mg per ml, 1 ml ampoule","220407","Opioid Analgesics","2204","Analgesics","22","Nervous System","inj",81.2611408199644
"183111","1831","Morphine sulphate","Inj 30 mg per ml, 1 ml ampoule","220407","Opioid Analgesics","2204","Analgesics","22","Nervous System","inj",73.2540269362479
"183107","1831","Morphine sulphate","Inj 5 mg per ml, 1 ml ampoule","220407","Opioid Analgesics","2204","Analgesics","22","Nervous System","inj",74.45568731864
"183128","1831","Morphine sulphate","Oral liq 2 mg per ml","220407","Opioid Analgesics","2204","Analgesics","22","Nervous System","ml",95.705992087201
"183120","1831","Morphine sulphate","Tab immediate-release 10 mg","220407","Opioid Analgesics","2204","Analgesics","22","Nervous System","tab",97.755805151999
"183121","1831","Morphine sulphate","Tab immediate-release 20 mg","220407","Opioid Analgesics","2204","Analgesics","22","Nervous System","tab",97.7971055052109
"183102","1831","Morphine sulphate","Tab long-acting 30 mg","220407","Opioid Analgesics","2204","Analgesics","22","Nervous System","tab",99.8092173459589
"183103","1831","Morphine sulphate","Tab long-acting 60 mg","220407","Opioid Analgesics","2204","Analgesics","22","Nervous System","tab",99.7643238713732
"392525","3925","Moxifloxacin","Tab 400 mg","160313","Other Antibiotics","1603","Antibacterials","16","Infections - Agents for Systemic Use","tab",100
"285910","2859","Mucilaginous laxatives with stimulants","Dry","12501","Bulk-forming Agents","125","Laxatives","1","Alimentary Tract and Metabolism","g",100
"404925","4049","Multivitamin renal","Cap","13719","Multivitamin Preparations","137","Vitamins","1","Alimentary Tract and Metabolism","cap",99.9995025136328
"292602","2926","Multivitamins","Powder","13719","Multivitamin Preparations","137","Vitamins","1","Alimentary Tract and Metabolism","g",100
"183501","1835","Mupirocin","Oint 2%","100401","Antibacterials Topical","1004","Antibacterials Topical","10","Dermatologicals","g",100
"103401","1034","Mycophenolate mofetil","Cap 250 mg","250701","Cytotoxic Immunosuppressants","2507","Immunosuppressants","25","Oncology Agents and Immunosuppressants","cap",99.9981640900931
"103427","1034","Mycophenolate mofetil","Powder for oral liq 1 g per 5 ml","250701","Cytotoxic Immunosuppressants","2507","Immunosuppressants","25","Oncology Agents and Immunosuppressants","ml",100
"103426","1034","Mycophenolate mofetil","Tab 500 mg","250701","Cytotoxic Immunosuppressants","2507","Immunosuppressants","25","Oncology Agents and Immunosuppressants","tab",99.9960377661355
"183801","1838","Nadolol","Tab 40 mg","71601","Beta Adrenoceptor Blockers","716","Beta-Adrenoceptor Blockers","7","Cardiovascular System","tab",99.9954549526441
"183802","1838","Nadolol","Tab 80 mg","71601","Beta Adrenoceptor Blockers","716","Beta-Adrenoceptor Blockers","7","Cardiovascular System","tab",99.9975786464288
"379325","3793","Naltrexone hydrochloride","Tab 50 mg","223401","Treatments for Substance Dependence","2234","Treatments for Substance Dependence","22","Nervous System","tab",100
"184301","1843","Naphazoline hydrochloride","Eye drops 0.1%","310317","Other Eye Preparations","3103","Eye Preparations","31","Sensory Organs","ml",99.5160555682077
"278209","2782","Naproxen","Tab 250 mg","190401","Non-Steroidal Anti-Inflammatory Drugs","1904","Non-Steroidal Anti-Inflammatory Drugs","19","Musculoskeletal System","tab",99.6780252383316
"278211","2782","Naproxen","Tab 500 mg","190401","Non-Steroidal Anti-Inflammatory Drugs","1904","Non-Steroidal Anti-Inflammatory Drugs","19","Musculoskeletal System","tab",99.79782759745
"278206","2782","Naproxen","Tab long-acting 1 g","190401","Non-Steroidal Anti-Inflammatory Drugs","1904","Non-Steroidal Anti-Inflammatory Drugs","19","Musculoskeletal System","tab",99.8966684957677
"278205","2782","Naproxen","Tab long-acting 750 mg","190401","Non-Steroidal Anti-Inflammatory Drugs","1904","Non-Steroidal Anti-Inflammatory Drugs","19","Musculoskeletal System","tab",99.9251879012211
"404525","4045","Natalizumab","Inj 20 mg per ml, 15 ml vial","222601","Multiple Sclerosis Treatments","2226","Multiple Sclerosis Treatments","22","Nervous System","inj",99.9967599792639
"102502","1025","Nedocromil","Aerosol inhaler, 2 mg per dose CFC-free","284001","Mast Cell Stabilisers","2840","Mast Cell Stabilisers","28","Respiratory System and Allergies","dose",99.8193859121011
"184901","1849","Nefopam hydrochloride","Tab 30 mg","220404","Non-opioid Analgesics","2204","Analgesics","22","Nervous System","tab",99.7534088544372
"185703","1857","Neostigmine metilsulfate","Inj 2.5 mg per ml, 1 ml ampoule","190101","Anticholinesterases","1901","Anticholinesterases","19","Musculoskeletal System","inj",0.587471399418713
"413625","4136","Nepafenac","Eye drops 0.3%","310304","Corticosteroids and Other Anti-Inflammatory Preparations","3103","Eye Preparations","31","Sensory Organs","ml",92.7584842699142
"117025","1170","Nevirapine","Oral suspension 10 mg per ml","162001","Non-nucleosides Reverse Transcriptase Inhibitors","1620","Antiretrovirals","16","Infections - Agents for Systemic Use","ml",100
"117001","1170","Nevirapine","Tab 200 mg","162001","Non-nucleosides Reverse Transcriptase Inhibitors","1620","Antiretrovirals","16","Infections - Agents for Systemic Use","tab",100
"397525","3975","Nicorandil","Tab 10 mg","74001","Vasodilators","740","Vasodilators","7","Cardiovascular System","tab",99.9556200226068
"397526","3975","Nicorandil","Tab 20 mg","74001","Vasodilators","740","Vasodilators","7","Cardiovascular System","tab",99.9650226418319
"372228","3722","Nicotine","Gum 2 mg (Fruit)","223401","Treatments for Substance Dependence","2234","Treatments for Substance Dependence","22","Nervous System","piece",97.769695373981
"372234","3722","Nicotine","Gum 2 mg (Mint)","223401","Treatments for Substance Dependence","2234","Treatments for Substance Dependence","22","Nervous System","piece",98.5677237446309
"372229","3722","Nicotine","Gum 4 mg (Fruit)","223401","Treatments for Substance Dependence","2234","Treatments for Substance Dependence","22","Nervous System","piece",96.1824835771272
"372235","3722","Nicotine","Gum 4 mg (Mint)","223401","Treatments for Substance Dependence","2234","Treatments for Substance Dependence","22","Nervous System","piece",98.0016898762507
"372237","3722","Nicotine","Lozenge 1 mg","223401","Treatments for Substance Dependence","2234","Treatments for Substance Dependence","22","Nervous System","loz",98.0265240247963
"372238","3722","Nicotine","Lozenge 2 mg","223401","Treatments for Substance Dependence","2234","Treatments for Substance Dependence","22","Nervous System","loz",98.1254419434408
"372226","3722","Nicotine","Patch 14 mg","223401","Treatments for Substance Dependence","2234","Treatments for Substance Dependence","22","Nervous System","patch",96.4057257654306
"372225","3722","Nicotine","Patch 21 mg","223401","Treatments for Substance Dependence","2234","Treatments for Substance Dependence","22","Nervous System","patch",97.1172756992815
"372227","3722","Nicotine","Patch 7 mg","223401","Treatments for Substance Dependence","2234","Treatments for Substance Dependence","22","Nervous System","patch",94.3915511930081
"186102","1861","Nicotinic acid","Tab 50 mg","73202","Other Lipid-Modifying Agents","732","Lipid-Modifying Agents","7","Cardiovascular System","tab",100
"186104","1861","Nicotinic acid","Tab 500 mg","73202","Other Lipid-Modifying Agents","732","Lipid-Modifying Agents","7","Cardiovascular System","tab",99.9882396385335
"186301","1863","Nifedipine","Tab long-acting 10 mg","72201","Dihydropyridine Calcium Channel Blockers","722","Calcium Channel Blockers","7","Cardiovascular System","tab",99.8871030348029
"186302","1863","Nifedipine","Tab long-acting 20 mg","72201","Dihydropyridine Calcium Channel Blockers","722","Calcium Channel Blockers","7","Cardiovascular System","tab",99.913594378136
"186303","1863","Nifedipine","Tab long-acting 30 mg","72201","Dihydropyridine Calcium Channel Blockers","722","Calcium Channel Blockers","7","Cardiovascular System","tab",99.9856985587988
"186304","1863","Nifedipine","Tab long-acting 60 mg","72201","Dihydropyridine Calcium Channel Blockers","722","Calcium Channel Blockers","7","Cardiovascular System","tab",100
"403825","4038","Nilotinib","Cap 150 mg","250109","Protein-tyrosine Kinase Inhibitors","2501","Chemotherapeutic Agents","25","Oncology Agents and Immunosuppressants","cap",100
"403826","4038","Nilotinib","Cap 200 mg","250109","Protein-tyrosine Kinase Inhibitors","2501","Chemotherapeutic Agents","25","Oncology Agents and Immunosuppressants","cap",100
"410825","4108","Nintedanib","Cap 100 mg","283501","Antifibrotics","2835","Antifibrotics","28","Respiratory System and Allergies","cap",100
"410826","4108","Nintedanib","Cap 150 mg","283501","Antifibrotics","2835","Antifibrotics","28","Respiratory System and Allergies","cap",100
"419725","4197","Niraparib","Cap 100 mg","250107","Other Cytotoxic Agents","2501","Chemotherapeutic Agents","25","Oncology Agents and Immunosuppressants","cap",100
"419726","4197","Niraparib","Tab 100 mg","250107","Other Cytotoxic Agents","2501","Chemotherapeutic Agents","25","Oncology Agents and Immunosuppressants","tab",100
"415626","4156","Nirmatrelvir with ritonavir","Tab 150 mg with ritonavir 100 mg","161917","COVID-19 Treatments","1619","Antivirals","16","Infections - Agents for Systemic Use","tab",91.1538461538461
"415625","4156","Nirmatrelvir with ritonavir","Tab 150 mg with ritonavir 100 mg,","161917","COVID-19 Treatments","1619","Antivirals","16","Infections - Agents for Systemic Use","tab",100
"186725","1867","Nitrofurantoin","Cap modified-release 100 mg","162301","Urinary Tract Infections","1623","Urinary Tract Infections","16","Infections - Agents for Systemic Use","cap",93.1408272378908
"186702","1867","Nitrofurantoin","Tab 100 mg","162301","Urinary Tract Infections","1623","Urinary Tract Infections","16","Infections - Agents for Systemic Use","tab",97.4215778596451
"186701","1867","Nitrofurantoin","Tab 50 mg","162301","Urinary Tract Infections","1623","Urinary Tract Infections","16","Infections - Agents for Systemic Use","tab",93.8459746845794
"187101","1871","Norethisterone","Tab 350 mcg","130804","Progestogen-only Contraceptives","1308","Contraceptives - Hormonal","13","Genito-Urinary System","tab",96.5693169444397
"187102","1871","Norethisterone","Tab 5 mg","141301","Other Progestogen Preparations","1413","Other Progestogen Preparations","14","Hormone Preparations - Systemic Excluding Contraceptive Hormones","tab",99.6607944062602
"187401","1874","Norfloxacin","Tab 400 mg","162301","Urinary Tract Infections","1623","Urinary Tract Infections","16","Infections - Agents for Systemic Use","tab",96.5713617835698
"187601","1876","Nortriptyline hydrochloride","Tab 10 mg","220501","Cyclic and Related Agents","2205","Antidepressants","22","Nervous System","tab",99.9777254175648
"187602","1876","Nortriptyline hydrochloride","Tab 25 mg","220501","Cyclic and Related Agents","2205","Antidepressants","22","Nervous System","tab",99.9849691573655
"188126","1881","Nystatin","Cap 500,000 u","160401","Antifungals","1604","Antifungals","16","Infections - Agents for Systemic Use","cap",99.9592896304873
"188105","1881","Nystatin","Oral liq 100,000 u per ml","13107","Oropharyngeal Anti-infectives","131","Mouth and Throat","1","Alimentary Tract and Metabolism","ml",97.2147837994536
"188125","1881","Nystatin","Tab 500,000 u","160401","Antifungals","1604","Antifungals","16","Infections - Agents for Systemic Use","tab",99.9357082698453
"188109","1881","Nystatin","Vaginal crm 100,000 u per 5 g with applicator(s)","131001","Gynaecological Anti-infectives","1310","Gynaecological Anti-infectives","13","Genito-Urinary System","g",99.6537795729948
"411925","4119","Ocrelizumab","Inj 30 mg per ml, 10 ml vial","222604","Multiple Sclerosis Treatments - Other","2226","Multiple Sclerosis Treatments","22","Nervous System","inj",100
"411926","4119","Ocrelizumab","Inj 40 mg per ml, 23 ml vial","222604","Multiple Sclerosis Treatments - Other","2226","Multiple Sclerosis Treatments","22","Nervous System","inj",100
"251129","2511","Octreotide","Inj 100 mcg per ml, 1 ml ampoule","250401","Endocrine Therapy","2504","Endocrine Therapy","25","Oncology Agents and Immunosuppressants","inj",94.0021731256791
"251127","2511","Octreotide","Inj 100 mcg per ml, 1 ml vial","250401","Endocrine Therapy","2504","Endocrine Therapy","25","Oncology Agents and Immunosuppressants","inj",92.8484399004079
"251130","2511","Octreotide","Inj 50 mcg per ml, 1 ml ampoule","250401","Endocrine Therapy","2504","Endocrine Therapy","25","Oncology Agents and Immunosuppressants","inj",98.5293410871341
"251126","2511","Octreotide","Inj 50 mcg per ml, 1 ml vial","250401","Endocrine Therapy","2504","Endocrine Therapy","25","Oncology Agents and Immunosuppressants","inj",98.8915094339623
"251103","2511","Octreotide","Inj 500 mcg per ml, 1 ml ampoule","250401","Endocrine Therapy","2504","Endocrine Therapy","25","Oncology Agents and Immunosuppressants","inj",87.5343344627784
"251128","2511","Octreotide","Inj 500 mcg per ml, 1 ml vial","250401","Endocrine Therapy","2504","Endocrine Therapy","25","Oncology Agents and Immunosuppressants","inj",89.5170607717785
"251225","2512","Octreotide long-acting","Inj depot 10 mg prefilled syringe","250402","Long-acting Somatostatin Analogues","2504","Endocrine Therapy","25","Oncology Agents and Immunosuppressants","vial",100
"251226","2512","Octreotide long-acting","Inj depot 20 mg prefilled syringe","250402","Long-acting Somatostatin Analogues","2504","Endocrine Therapy","25","Oncology Agents and Immunosuppressants","vial",100
"251227","2512","Octreotide long-acting","Inj depot 30 mg prefilled syringe","250402","Long-acting Somatostatin Analogues","2504","Endocrine Therapy","25","Oncology Agents and Immunosuppressants","vial",100
"188628","1886","Oestradiol","Gel (transdermal) 0.06% (750 mcg/actuation)","141104","Oestrogens","1411","Hormone Replacement Therapy - Systemic","14","Hormone Preparations - Systemic Excluding Contraceptive Hormones","g",99.9963276877653
"188627","1886","Oestradiol","Patch 100 mcg per 24 hours","141104","Oestrogens","1411","Hormone Replacement Therapy - Systemic","14","Hormone Preparations - Systemic Excluding Contraceptive Hormones","patch",100
"188607","1886","Oestradiol","Patch 100 mcg per day","141104","Oestrogens","1411","Hormone Replacement Therapy - Systemic","14","Hormone Preparations - Systemic Excluding Contraceptive Hormones","patch",100
"188605","1886","Oestradiol","Patch 25 mcg per day","141104","Oestrogens","1411","Hormone Replacement Therapy - Systemic","14","Hormone Preparations - Systemic Excluding Contraceptive Hormones","patch",100
"188626","1886","Oestradiol","Patch 50 mcg per 24 hours","141104","Oestrogens","1411","Hormone Replacement Therapy - Systemic","14","Hormone Preparations - Systemic Excluding Contraceptive Hormones","patch",100
"188606","1886","Oestradiol","Patch 50 mcg per day","141104","Oestrogens","1411","Hormone Replacement Therapy - Systemic","14","Hormone Preparations - Systemic Excluding Contraceptive Hormones","patch",100
"188625","1886","Oestradiol","Patch 75 mcg per day","141104","Oestrogens","1411","Hormone Replacement Therapy - Systemic","14","Hormone Preparations - Systemic Excluding Contraceptive Hormones","patch",100
"188611","1886","Oestradiol","Tab 1 mg","141104","Oestrogens","1411","Hormone Replacement Therapy - Systemic","14","Hormone Preparations - Systemic Excluding Contraceptive Hormones","tab",99.9922747709469
"188610","1886","Oestradiol","Tab 2 mg","141104","Oestrogens","1411","Hormone Replacement Therapy - Systemic","14","Hormone Preparations - Systemic Excluding Contraceptive Hormones","tab",100
"115601","1156","Oestradiol valerate","Tab 1 mg","141104","Oestrogens","1411","Hormone Replacement Therapy - Systemic","14","Hormone Preparations - Systemic Excluding Contraceptive Hormones","tab",99.9969553215758
"115602","1156","Oestradiol valerate","Tab 2 mg","141104","Oestrogens","1411","Hormone Replacement Therapy - Systemic","14","Hormone Preparations - Systemic Excluding Contraceptive Hormones","tab",99.9996628567109
"205604","2056","Oestradiol with norethisterone","Tab 1 mg with 0.5 mg norethisterone acetate","141114","Progestogen and Oestrogen Combined Preparations","1411","Hormone Replacement Therapy - Systemic","14","Hormone Preparations - Systemic Excluding Contraceptive Hormones","tab",99.9950331290294
"205603","2056","Oestradiol with norethisterone","Tab 2 mg with 1 mg norethisterone acetate","141114","Progestogen and Oestrogen Combined Preparations","1411","Hormone Replacement Therapy - Systemic","14","Hormone Preparations - Systemic Excluding Contraceptive Hormones","tab",99.9949461129291
"205602","2056","Oestradiol with norethisterone","Tab 2 mg with 1 mg norethisterone acetate (10), and 2 mg oestradiol tab (12) and 1 mg oestradiol tab (6)","141114","Progestogen and Oestrogen Combined Preparations","1411","Hormone Replacement Therapy - Systemic","14","Hormone Preparations - Systemic Excluding Contraceptive Hormones","tab",100
"278402","2784","Oestriol","Crm 1 mg per g with applicator","131402","Myometrial and Vaginal Hormone Preparations","1314","Myometrial and Vaginal Hormone Preparations","13","Genito-Urinary System","g",99.6160890019482
"278403","2784","Oestriol","Pessaries 500 mcg","131402","Myometrial and Vaginal Hormone Preparations","1314","Myometrial and Vaginal Hormone Preparations","13","Genito-Urinary System","pess",99.9841044246122
"278401","2784","Oestriol","Tab 2 mg","141201","Other Oestrogen Preparations","1412","Other Oestrogen Preparations","14","Hormone Preparations - Systemic Excluding Contraceptive Hormones","tab",99.9587275430386
"188801","1888","Oestrogens","Conjugated, equine tab 300 mcg","141104","Oestrogens","1411","Hormone Replacement Therapy - Systemic","14","Hormone Preparations - Systemic Excluding Contraceptive Hormones","tab",99.9984765930909
"188802","1888","Oestrogens","Conjugated, equine tab 625 mcg","141104","Oestrogens","1411","Hormone Replacement Therapy - Systemic","14","Hormone Preparations - Systemic Excluding Contraceptive Hormones","tab",100
"374325","3743","Oil in water emulsion","Crm","101504","Emollients","1015","Barrier Creams and Emollients","10","Dermatologicals","g",99.5369759829232
"114015","1140","Olanzapine","Inj 210 mg vial","222204","Depot Injections","2222","Antipsychotics","22","Nervous System","inj",100
"114016","1140","Olanzapine","Inj 300 mg vial","222204","Depot Injections","2222","Antipsychotics","22","Nervous System","inj",99.9952515116021
"114017","1140","Olanzapine","Inj 405 mg vial","222204","Depot Injections","2222","Antipsychotics","22","Nervous System","inj",100
"114002","1140","Olanzapine","Tab 10 mg","222201","General","2222","Antipsychotics","22","Nervous System","tab",99.9804759557742
"114003","1140","Olanzapine","Tab 2.5 mg","222201","General","2222","Antipsychotics","22","Nervous System","tab",99.939311074661
"114001","1140","Olanzapine","Tab 5 mg","222201","General","2222","Antipsychotics","22","Nervous System","tab",99.9527814303797
"114028","1140","Olanzapine","Tab orodispersible 10 mg","222201","General","2222","Antipsychotics","22","Nervous System","tab",99.9327568985706
"114027","1140","Olanzapine","Tab orodispersible 5 mg","222201","General","2222","Antipsychotics","22","Nervous System","tab",99.6931862459777
"412326","4123","Olaparib","Tab 100 mg","250107","Other Cytotoxic Agents","2501","Chemotherapeutic Agents","25","Oncology Agents and Immunosuppressants","tab",100
"412327","4123","Olaparib","Tab 150 mg","250107","Other Cytotoxic Agents","2501","Chemotherapeutic Agents","25","Oncology Agents and Immunosuppressants","tab",100
"399525","3995","Olopatadine","Eye drops 0.1%","310317","Other Eye Preparations","3103","Eye Preparations","31","Sensory Organs","ml",99.866309926079
"238401","2384","Olsalazine","Cap 250 mg","10404","Rectal and Colonic Anti-inflammatories","104","Antidiarrhoeals","1","Alimentary Tract and Metabolism","cap",100
"238402","2384","Olsalazine","Tab 500 mg","10404","Rectal and Colonic Anti-inflammatories","104","Antidiarrhoeals","1","Alimentary Tract and Metabolism","tab",99.9886074290955
"403926","4039","Omalizumab","Inj 150 mg prefilled syringe","250704","Monoclonal Antibodies","2507","Immunosuppressants","25","Oncology Agents and Immunosuppressants","inj",100
"403925","4039","Omalizumab","Inj 150 mg vial","250704","Monoclonal Antibodies","2507","Immunosuppressants","25","Oncology Agents and Immunosuppressants","inj",100
"263904","2639","Omeprazole","Cap 10 mg","11010","Proton Pump Inhibitors","110","Antiulcerants","1","Alimentary Tract and Metabolism","cap",99.9483458252482
"263901","2639","Omeprazole","Cap 20 mg","11010","Proton Pump Inhibitors","110","Antiulcerants","1","Alimentary Tract and Metabolism","cap",99.9158622017224
"263905","2639","Omeprazole","Cap 40 mg","11010","Proton Pump Inhibitors","110","Antiulcerants","1","Alimentary Tract and Metabolism","cap",99.9299936115993
"263903","2639","Omeprazole","Inj 40 mg ampoule with diluent","11010","Proton Pump Inhibitors","110","Antiulcerants","1","Alimentary Tract and Metabolism","inj",30.196692671466
"263925","2639","Omeprazole","Powder","11010","Proton Pump Inhibitors","110","Antiulcerants","1","Alimentary Tract and Metabolism","g",99.7917850410071
"271001","2710","Ondansetron","Tab 4 mg","221601","Antinausea and Vertigo Agents","2216","Antinausea and Vertigo Agents","22","Nervous System","tab",98.9211505104799
"271003","2710","Ondansetron","Tab 8 mg","221601","Antinausea and Vertigo Agents","2216","Antinausea and Vertigo Agents","22","Nervous System","tab",99.3281392905238
"271027","2710","Ondansetron","Tab disp 4 mg","221601","Antinausea and Vertigo Agents","2216","Antinausea and Vertigo Agents","22","Nervous System","tab",97.4219632334236
"271028","2710","Ondansetron","Tab disp 8 mg","221601","Antinausea and Vertigo Agents","2216","Antinausea and Vertigo Agents","22","Nervous System","tab",97.0708220869105
"334501","3345","Opiate squill","Linctus BP","284702","Cough Preparations","2847","Cough Preparations","28","Respiratory System and Allergies","ml",100
"292725","2927","Oral elemental feed 0.8kcal/ml","Liquid (grapefruit), 250 ml carton","420610","Specialised And Elemental Products","4206","Oral and Enteral Feeds","42","Special Foods","pack",100
"292727","2927","Oral elemental feed 0.8kcal/ml","Liquid (pineapple & orange), 250 ml carton","420610","Specialised And Elemental Products","4206","Oral and Enteral Feeds","42","Special Foods","pack",100
"292726","2927","Oral elemental feed 0.8kcal/ml","Liquid (summer fruits), 250 ml carton","420610","Specialised And Elemental Products","4206","Oral and Enteral Feeds","42","Special Foods","pack",100
"292804","2928","Oral elemental feed 1kcal/ml","Powder (unflavoured)","420610","Specialised And Elemental Products","4206","Oral and Enteral Feeds","42","Special Foods","g",100
"292825","2928","Oral elemental feed 1kcal/ml","Powder (unflavoured), 80 g sachet","420610","Specialised And Elemental Products","4206","Oral and Enteral Feeds","42","Special Foods","sach",100
"293205","2932","Oral feed (powder)","Powder (chocolate)","420631","Standard Supplements","4206","Oral and Enteral Feeds","42","Special Foods","g",100
"293207","2932","Oral feed (powder)","Powder (vanilla)","420631","Standard Supplements","4206","Oral and Enteral Feeds","42","Special Foods","g",99.999881160198
"292901","2929","Oral feed 1.5kcal/ml","Liquid (banana)","420631","Standard Supplements","4206","Oral and Enteral Feeds","42","Special Foods","ml",100
"292925","2929","Oral feed 1.5kcal/ml","Liquid (banana), 200 ml bottle","420631","Standard Supplements","4206","Oral and Enteral Feeds","42","Special Foods","btl",100
"292902","2929","Oral feed 1.5kcal/ml","Liquid (chocolate)","420631","Standard Supplements","4206","Oral and Enteral Feeds","42","Special Foods","ml",100
"292926","2929","Oral feed 1.5kcal/ml","Liquid (chocolate), 200 ml bottle","420631","Standard Supplements","4206","Oral and Enteral Feeds","42","Special Foods","btl",100
"292904","2929","Oral feed 1.5kcal/ml","Liquid (fruit of the forest)","420631","Standard Supplements","4206","Oral and Enteral Feeds","42","Special Foods","ml",100
"292927","2929","Oral feed 1.5kcal/ml","Liquid (fruit of the forest), 200 ml bottle","420631","Standard Supplements","4206","Oral and Enteral Feeds","42","Special Foods","btl",99.9267998096795
"292905","2929","Oral feed 1.5kcal/ml","Liquid (strawberry)","420631","Standard Supplements","4206","Oral and Enteral Feeds","42","Special Foods","ml",100
"292928","2929","Oral feed 1.5kcal/ml","Liquid (strawberry), 200 ml bottle","420631","Standard Supplements","4206","Oral and Enteral Feeds","42","Special Foods","btl",100
"292908","2929","Oral feed 1.5kcal/ml","Liquid (vanilla)","420631","Standard Supplements","4206","Oral and Enteral Feeds","42","Special Foods","ml",100
"292929","2929","Oral feed 1.5kcal/ml","Liquid (vanilla), 200 ml bottle","420631","Standard Supplements","4206","Oral and Enteral Feeds","42","Special Foods","btl",100
"292930","2929","Oral feed 1.5kcal/ml","Liquid (vanilla), 237 ml can","420631","Standard Supplements","4206","Oral and Enteral Feeds","42","Special Foods","can",100
"293102","2931","Oral feed 2 kcal/ml","Liquid (vanilla)","420632","High Calorie Products ","4206","Oral and Enteral Feeds","42","Special Foods","ml",100
"293125","2931","Oral feed 2 kcal/ml","Liquid (vanilla), 200 ml bottle","420632","High Calorie Products ","4206","Oral and Enteral Feeds","42","Special Foods","btl",100
"385226","3852","Oral feed with fibre 1.5 kcal/ml","Liquid (chocolate)","420631","Standard Supplements","4206","Oral and Enteral Feeds","42","Special Foods","ml",100
"385228","3852","Oral feed with fibre 1.5 kcal/ml","Liquid (chocolate), 200 ml bottle","420631","Standard Supplements","4206","Oral and Enteral Feeds","42","Special Foods","btl",100
"385227","3852","Oral feed with fibre 1.5 kcal/ml","Liquid (strawberry)","420631","Standard Supplements","4206","Oral and Enteral Feeds","42","Special Foods","ml",100
"385229","3852","Oral feed with fibre 1.5 kcal/ml","Liquid (strawberry), 200 ml bottle","420631","Standard Supplements","4206","Oral and Enteral Feeds","42","Special Foods","btl",100
"385225","3852","Oral feed with fibre 1.5 kcal/ml","Liquid (vanilla)","420631","Standard Supplements","4206","Oral and Enteral Feeds","42","Special Foods","ml",100
"385230","3852","Oral feed with fibre 1.5 kcal/ml","Liquid (vanilla), 200 ml bottle","420631","Standard Supplements","4206","Oral and Enteral Feeds","42","Special Foods","btl",100
"190601","1906","Ornidazole","Tab 500 mg","161301","Antitrichomonal Agents","1613","Antitrichomonal Agents","16","Infections - Agents for Systemic Use","tab",98.8794706461403
"190801","1908","Orphenadrine citrate","Tab 100 mg","191601","Muscle Relaxants","1916","Muscle Relaxants","19","Musculoskeletal System","tab",99.816482373408
"191001","1910","Ortho-tolidine","Compound diagnostic sticks","132201","Detection of Substances in Urine","1322","Detection of Substances in Urine","13","Genito-Urinary System","test",100
"421625","4216","Osimertinib","Tab 40 mg","250109","Protein-tyrosine Kinase Inhibitors","2501","Chemotherapeutic Agents","25","Oncology Agents and Immunosuppressants","tab",100
"421626","4216","Osimertinib","Tab 80 mg","250109","Protein-tyrosine Kinase Inhibitors","2501","Chemotherapeutic Agents","25","Oncology Agents and Immunosuppressants","tab",100
"191101","1911","Oxazepam","Tab 10 mg","222501","Anxiolytics","2225","Anxiolytics","22","Nervous System","tab",99.957908076842
"191102","1911","Oxazepam","Tab 15 mg","222501","Anxiolytics","2225","Anxiolytics","22","Nervous System","tab",99.9727391373982
"191402","1914","Oxybutynin","Oral liq 5 mg per 5 ml","131904","Other Urinary Agents","1319","Urinary Agents","13","Genito-Urinary System","ml",99.69736352287
"191401","1914","Oxybutynin","Tab 5 mg","131904","Other Urinary Agents","1319","Urinary Agents","13","Genito-Urinary System","tab",99.845699939937
"382226","3822","Oxycodone hydrochloride","Cap immediate-release 10 mg","220407","Opioid Analgesics","2204","Analgesics","22","Nervous System","cap",96.4692472528479
"382227","3822","Oxycodone hydrochloride","Cap immediate-release 20 mg","220407","Opioid Analgesics","2204","Analgesics","22","Nervous System","cap",98.0838168856735
"382225","3822","Oxycodone hydrochloride","Cap immediate-release 5 mg","220407","Opioid Analgesics","2204","Analgesics","22","Nervous System","cap",95.8816764921116
"382234","3822","Oxycodone hydrochloride","Inj 10 mg per ml, 1 ml ampoule","220407","Opioid Analgesics","2204","Analgesics","22","Nervous System","inj",70.6786638529605
"382235","3822","Oxycodone hydrochloride","Inj 10 mg per ml, 2 ml ampoule","220407","Opioid Analgesics","2204","Analgesics","22","Nervous System","inj",68.1071960702938
"382236","3822","Oxycodone hydrochloride","Inj 50 mg per ml, 1 ml ampoule","220407","Opioid Analgesics","2204","Analgesics","22","Nervous System","inj",51.4887769125057
"382237","3822","Oxycodone hydrochloride","Oral liq 1 mg per ml","220407","Opioid Analgesics","2204","Analgesics","22","Nervous System","ml",90.3282108728256
"382233","3822","Oxycodone hydrochloride","Oral liq 5 mg per 5 ml","220407","Opioid Analgesics","2204","Analgesics","22","Nervous System","ml",90.6819414109825
"382228","3822","Oxycodone hydrochloride","Tab controlled-release 10 mg","220407","Opioid Analgesics","2204","Analgesics","22","Nervous System","tab",95.162890983559
"382229","3822","Oxycodone hydrochloride","Tab controlled-release 20 mg","220407","Opioid Analgesics","2204","Analgesics","22","Nervous System","tab",97.3185085481496
"382230","3822","Oxycodone hydrochloride","Tab controlled-release 40 mg","220407","Opioid Analgesics","2204","Analgesics","22","Nervous System","tab",98.0126324530099
"382232","3822","Oxycodone hydrochloride","Tab controlled-release 5 mg","220407","Opioid Analgesics","2204","Analgesics","22","Nervous System","tab",91.5448585402093
"382231","3822","Oxycodone hydrochloride","Tab controlled-release 80 mg","220407","Opioid Analgesics","2204","Analgesics","22","Nervous System","tab",96.8459646941683
"382239","3822","Oxycodone hydrochloride","Tab immediate-release 10 mg","220407","Opioid Analgesics","2204","Analgesics","22","Nervous System","tab",95.6677017978075
"382240","3822","Oxycodone hydrochloride","Tab immediate-release 20 mg","220407","Opioid Analgesics","2204","Analgesics","22","Nervous System","tab",98.4936912422257
"382238","3822","Oxycodone hydrochloride","Tab immediate-release 5 mg","220407","Opioid Analgesics","2204","Analgesics","22","Nervous System","tab",94.207751837347
"192302","1923","Oxytocin","Inj 10 iu per ml, 1 ml ampoule","131402","Myometrial and Vaginal Hormone Preparations","1314","Myometrial and Vaginal Hormone Preparations","13","Genito-Urinary System","inj",1.92463844448834
"192301","1923","Oxytocin","Inj 5 iu per ml, 1 ml ampoule","131402","Myometrial and Vaginal Hormone Preparations","1314","Myometrial and Vaginal Hormone Preparations","13","Genito-Urinary System","inj",26.1481586805062
"192203","1922","Oxytocin with ergometrine maleate","Inj 5 iu with ergometrine maleate 500 mcg per ml, 1 ml ampoule ","131402","Myometrial and Vaginal Hormone Preparations","1314","Myometrial and Vaginal Hormone Preparations","13","Genito-Urinary System","inj",0.664246224936051
"394625","3946","Paediatric Enteral Feed with Fibre 0.76 kcal/ml","Liquid","420615","Paediatric Products For Children With Low Energy Requirements","4206","Oral and Enteral Feeds","42","Special Foods","ml",100
"394626","3946","Paediatric Enteral Feed with Fibre 0.76 kcal/ml","Liquid, 500 ml bottle","420615","Paediatric Products For Children With Low Energy Requirements","4206","Oral and Enteral Feeds","42","Special Foods","btl",100
"378225","3782","Paediatric enteral feed 1.5kcal/ml","Liquid","420608","Paediatric Products","4206","Oral and Enteral Feeds","42","Special Foods","ml",100
"378226","3782","Paediatric enteral feed 1.5kcal/ml","Liquid, 500 ml bottle","420608","Paediatric Products","4206","Oral and Enteral Feeds","42","Special Foods","btl",100
"293301","2933","Paediatric enteral feed 1kcal/ml","Liquid","420608","Paediatric Products","4206","Oral and Enteral Feeds","42","Special Foods","ml",100
"293325","2933","Paediatric enteral feed 1kcal/ml","Liquid, 500 ml bottle","420608","Paediatric Products","4206","Oral and Enteral Feeds","42","Special Foods","btl",100
"379525","3795","Paediatric enteral feed with fibre 1.5kcal/ml","Liquid","420608","Paediatric Products","4206","Oral and Enteral Feeds","42","Special Foods","ml",100
"379526","3795","Paediatric enteral feed with fibre 1.5kcal/ml","Liquid, 500 ml bottle","420608","Paediatric Products","4206","Oral and Enteral Feeds","42","Special Foods","btl",100
"416925","4169","Paediatric enteral feed with fibre 1kcal/ml","Liquid","420608","Paediatric Products","4206","Oral and Enteral Feeds","42","Special Foods","ml",100
"397225","3972","Paediatric oral feed","Powder (vanilla)","420608","Paediatric Products","4206","Oral and Enteral Feeds","42","Special Foods","g",100
"379625","3796","Paediatric oral feed 1.5kcal/ml","Liquid (strawberry)","420608","Paediatric Products","4206","Oral and Enteral Feeds","42","Special Foods","ml",100
"379627","3796","Paediatric oral feed 1.5kcal/ml","Liquid (strawberry), 200 ml bottle","420608","Paediatric Products","4206","Oral and Enteral Feeds","42","Special Foods","btl",100
"379626","3796","Paediatric oral feed 1.5kcal/ml","Liquid (vanilla)","420608","Paediatric Products","4206","Oral and Enteral Feeds","42","Special Foods","ml",100
"379628","3796","Paediatric oral feed 1.5kcal/ml","Liquid (vanilla), 200 ml bottle","420608","Paediatric Products","4206","Oral and Enteral Feeds","42","Special Foods","btl",100
"379629","3796","Paediatric oral feed 1.5kcal/ml","Liquid (vanilla), 500 ml bottle","420608","Paediatric Products","4206","Oral and Enteral Feeds","42","Special Foods","btl",100
"294101","2941","Paediatric oral feed 1kcal/ml","Liquid (chocolate)","420608","Paediatric Products","4206","Oral and Enteral Feeds","42","Special Foods","ml",100
"294125","2941","Paediatric oral feed 1kcal/ml","Liquid (chocolate), 200 ml bottle","420608","Paediatric Products","4206","Oral and Enteral Feeds","42","Special Foods","btl",100
"294102","2941","Paediatric oral feed 1kcal/ml","Liquid (strawberry)","420608","Paediatric Products","4206","Oral and Enteral Feeds","42","Special Foods","ml",100
"294126","2941","Paediatric oral feed 1kcal/ml","Liquid (strawberry), 200 ml bottle","420608","Paediatric Products","4206","Oral and Enteral Feeds","42","Special Foods","btl",100
"294103","2941","Paediatric oral feed 1kcal/ml","Liquid (vanilla)","420608","Paediatric Products","4206","Oral and Enteral Feeds","42","Special Foods","ml",100
"294127","2941","Paediatric oral feed 1kcal/ml","Liquid (vanilla), 200 ml bottle","420608","Paediatric Products","4206","Oral and Enteral Feeds","42","Special Foods","btl",100
"294128","2941","Paediatric oral feed 1kcal/ml","Liquid (vanilla), 250 ml can","420608","Paediatric Products","4206","Oral and Enteral Feeds","42","Special Foods","can",100
"379725","3797","Paediatric oral feed with fibre 1.5kcal/ml","Liquid (chocolate)","420608","Paediatric Products","4206","Oral and Enteral Feeds","42","Special Foods","ml",100
"379729","3797","Paediatric oral feed with fibre 1.5kcal/ml","Liquid (chocolate), 200 ml bottle","420608","Paediatric Products","4206","Oral and Enteral Feeds","42","Special Foods","btl",100
"379726","3797","Paediatric oral feed with fibre 1.5kcal/ml","Liquid (strawberry)","420608","Paediatric Products","4206","Oral and Enteral Feeds","42","Special Foods","ml",100
"379730","3797","Paediatric oral feed with fibre 1.5kcal/ml","Liquid (strawberry), 200 ml bottle","420608","Paediatric Products","4206","Oral and Enteral Feeds","42","Special Foods","btl",100
"379728","3797","Paediatric oral feed with fibre 1.5kcal/ml","Liquid (unflavoured)","420608","Paediatric Products","4206","Oral and Enteral Feeds","42","Special Foods","ml",100
"379731","3797","Paediatric oral feed with fibre 1.5kcal/ml","Liquid (unflavoured), 200 ml bottle","420608","Paediatric Products","4206","Oral and Enteral Feeds","42","Special Foods","btl",100
"379727","3797","Paediatric oral feed with fibre 1.5kcal/ml","Liquid (vanilla)","420608","Paediatric Products","4206","Oral and Enteral Feeds","42","Special Foods","ml",100
"379732","3797","Paediatric oral feed with fibre 1.5kcal/ml","Liquid (vanilla), 200 ml bottle","420608","Paediatric Products","4206","Oral and Enteral Feeds","42","Special Foods","btl",100
"409525","4095","Paediatric oral/enteral feed 1 kcal/ml","Liquid","421812","Fluid Restricted","4218","Infant Formulae","42","Special Foods","ml",100
"409526","4095","Paediatric oral/enteral feed 1 kcal/ml","Liquid, 125 ml bottle","421812","Fluid Restricted","4218","Infant Formulae","42","Special Foods","btl",100
"412526","4125","Palbociclib","Cap 100 mg","250109","Protein-tyrosine Kinase Inhibitors","2501","Chemotherapeutic Agents","25","Oncology Agents and Immunosuppressants","cap",100
"412527","4125","Palbociclib","Cap 125 mg","250109","Protein-tyrosine Kinase Inhibitors","2501","Chemotherapeutic Agents","25","Oncology Agents and Immunosuppressants","cap",100
"412525","4125","Palbociclib","Cap 75 mg","250109","Protein-tyrosine Kinase Inhibitors","2501","Chemotherapeutic Agents","25","Oncology Agents and Immunosuppressants","cap",100
"412529","4125","Palbociclib","Tab 100 mg","250109","Protein-tyrosine Kinase Inhibitors","2501","Chemotherapeutic Agents","25","Oncology Agents and Immunosuppressants","tab",100
"412530","4125","Palbociclib","Tab 125 mg","250109","Protein-tyrosine Kinase Inhibitors","2501","Chemotherapeutic Agents","25","Oncology Agents and Immunosuppressants","tab",100
"412528","4125","Palbociclib","Tab 75 mg","250109","Protein-tyrosine Kinase Inhibitors","2501","Chemotherapeutic Agents","25","Oncology Agents and Immunosuppressants","tab",100
"402528","4025","Paliperidone","Inj 100 mg syringe","222204","Depot Injections","2222","Antipsychotics","22","Nervous System","inj",100
"402529","4025","Paliperidone","Inj 150 mg syringe","222204","Depot Injections","2222","Antipsychotics","22","Nervous System","inj",100
"402525","4025","Paliperidone","Inj 25 mg syringe","222204","Depot Injections","2222","Antipsychotics","22","Nervous System","inj",100
"402526","4025","Paliperidone","Inj 50 mg syringe","222204","Depot Injections","2222","Antipsychotics","22","Nervous System","inj",100
"402527","4025","Paliperidone","Inj 75 mg syringe","222204","Depot Injections","2222","Antipsychotics","22","Nervous System","inj",100
"416625","4166","Paliperidone palmitate","Inj 175 mg syringe","222204","Depot Injections","2222","Antipsychotics","22","Nervous System","inj",100
"416626","4166","Paliperidone palmitate","Inj 263 mg syringe","222204","Depot Injections","2222","Antipsychotics","22","Nervous System","inj",100
"416627","4166","Paliperidone palmitate","Inj 350 mg syringe","222204","Depot Injections","2222","Antipsychotics","22","Nervous System","inj",100
"416628","4166","Paliperidone palmitate","Inj 525 mg syringe","222204","Depot Injections","2222","Antipsychotics","22","Nervous System","inj",100
"603301","6033","Pamidronate disodium","Inj 3 mg per ml, 10 ml vial","190806","Other Treatments","1908","Drugs Affecting Bone Metabolism","19","Musculoskeletal System","inj",69.1756272401434
"603326","6033","Pamidronate disodium","Inj 6 mg per ml, 10 ml vial","190806","Other Treatments","1908","Drugs Affecting Bone Metabolism","19","Musculoskeletal System","inj",93.6170212765958
"603327","6033","Pamidronate disodium","Inj 9 mg per ml, 10 ml vial","190806","Other Treatments","1908","Drugs Affecting Bone Metabolism","19","Musculoskeletal System","inj",50
"192515","1925","Pancreatic enzyme","Cap pancreatin (175 mg (25,000 U lipase, 22,500 U amylase, 1,250 U protease)) ","12201","Digestives Including Enzymes","122","Digestives Including Enzymes","1","Alimentary Tract and Metabolism","cap",100
"192525","1925","Pancreatic enzyme","Cap pancreatin 150 mg (amylase 8,000 Ph Eur U, lipase 10,000 Ph Eur U, total protease 600 Ph Eur U) ","12201","Digestives Including Enzymes","122","Digestives Including Enzymes","1","Alimentary Tract and Metabolism","cap",99.9253773081703
"192513","1925","Pancreatic enzyme","Cap pancreatin 300 mg (amylase 18,000 Ph Eur U, lipase 25,000 Ph Eur U, total protease 1,000 Ph Eur U) ","12201","Digestives Including Enzymes","122","Digestives Including Enzymes","1","Alimentary Tract and Metabolism","cap",99.9401331578454
"192526","1925","Pancreatic enzyme","Modified release granules pancreatin 60.12 mg (amylase 3,600 Ph Eur U, lipase 5,000 Ph Eur U, protease 200 Ph Eur U)","12201","Digestives Including Enzymes","122","Digestives Including Enzymes","1","Alimentary Tract and Metabolism","g",100
"109802","1098","Pantoprazole","Tab EC 20 mg","11010","Proton Pump Inhibitors","110","Antiulcerants","1","Alimentary Tract and Metabolism","tab",99.9522697522196
"109801","1098","Pantoprazole","Tab EC 40 mg","11010","Proton Pump Inhibitors","110","Antiulcerants","1","Alimentary Tract and Metabolism","tab",99.9797881607884
"192801","1928","Papaverine hydrochloride","Inj 12 mg per ml, 10 ml ampoule","74001","Vasodilators","740","Vasodilators","7","Cardiovascular System","inj",36.1877315767806
"192902","1929","Paracetamol","Oral liq 120 mg per 5 ml","220404","Non-opioid Analgesics","2204","Analgesics","22","Nervous System","ml",93.9884786479019
"192926","1929","Paracetamol","Oral liq 240 mg per 5 ml","220404","Non-opioid Analgesics","2204","Analgesics","22","Nervous System","ml",91.1764705882353
"192903","1929","Paracetamol","Oral liq 250 mg per 5 ml","220404","Non-opioid Analgesics","2204","Analgesics","22","Nervous System","ml",97.0375388212673
"192904","1929","Paracetamol","Suppos 125 mg","220404","Non-opioid Analgesics","2204","Analgesics","22","Nervous System","supp",98.1799232472251
"192905","1929","Paracetamol","Suppos 250 mg","220404","Non-opioid Analgesics","2204","Analgesics","22","Nervous System","supp",97.4647656338086
"192906","1929","Paracetamol","Suppos 500 mg","220404","Non-opioid Analgesics","2204","Analgesics","22","Nervous System","supp",87.3005935167976
"192908","1929","Paracetamol","Tab 500 mg - blister pack","220404","Non-opioid Analgesics","2204","Analgesics","22","Nervous System","tab",99.1512740401309
"192925","1929","Paracetamol","Tab 500 mg - bottle pack","220404","Non-opioid Analgesics","2204","Analgesics","22","Nervous System","tab",99.8194701186038
"193101","1931","Paracetamol with codeine","Tab paracetamol 500 mg with codeine phosphate 8 mg","220407","Opioid Analgesics","2204","Analgesics","22","Nervous System","tab",99.5624527303016
"334906","3349","Paraffin","Liquid","380101","Extemporaneously Compounded Preparations and Galenicals","3801","Extemporaneously Compounded Preparations and Galenicals","38","Extemporaneously Compounded Preparations and Galenicals","ml",100
"334925","3349","Paraffin","Oint liquid paraffin 50% with white soft paraffin 50%","101504","Emollients","1015","Barrier Creams and Emollients","10","Dermatologicals","g",99.9184875496306
"334927","3349","Paraffin","Oint liquid paraffin 50% with white soft paraffin 50%,","101504","Emollients","1015","Barrier Creams and Emollients","10","Dermatologicals","ml",99.9602486267707
"334903","3349","Paraffin","White soft","101506","Other Dermatological Bases","1015","Barrier Creams and Emollients","10","Dermatologicals","g",99.9039649889293
"248601","2486","Paraffin liquid with wool fat","Eye oint 3% with wool fat 3%","310317","Other Eye Preparations","3103","Eye Preparations","31","Sensory Organs","g",99.1340094319936
"399825","3998","Paromomycin","Cap 250 mg","160313","Other Antibiotics","1603","Antibacterials","16","Infections - Agents for Systemic Use","cap",100
"600901","6009","Paroxetine","Tab 20 mg","220507","Selective Serotonin Reuptake Inhibitors","2205","Antidepressants","22","Nervous System","tab",99.9842461052112
"394325","3943","Pazopanib","Tab 200 mg","250109","Protein-tyrosine Kinase Inhibitors","2501","Chemotherapeutic Agents","25","Oncology Agents and Immunosuppressants","tab",100
"394326","3943","Pazopanib","Tab 400 mg","250109","Protein-tyrosine Kinase Inhibitors","2501","Chemotherapeutic Agents","25","Oncology Agents and Immunosuppressants","tab",100
"400925","4009","Pegfilgrastim","Inj 6 mg per 0.6 ml syringe","40803","Blood Colony-stimulating Factors","408","Blood Colony-stimulating Factors","4","Blood and Blood Forming Organs","inj",100
"378725","3787","Pegylated interferon alfa-2a","Inj 135 mcg prefilled syringe","162201","Immune Modulators","1622","Immune Modulators","16","Infections - Agents for Systemic Use","inj",100
"378726","3787","Pegylated interferon alfa-2a","Inj 180 mcg prefilled syringe","162201","Immune Modulators","1622","Immune Modulators","16","Infections - Agents for Systemic Use","inj",100
"194203","1942","Penicillamine","Tab 125 mg","190701","Antirheumatoid Agents","1907","Antirheumatoid Agents","19","Musculoskeletal System","tab",100
"194204","1942","Penicillamine","Tab 250 mg","190701","Antirheumatoid Agents","1907","Antirheumatoid Agents","19","Musculoskeletal System","tab",100
"245501","2455","Pentoxifylline [Oxpentifylline]","Tab 400 mg","74001","Vasodilators","740","Vasodilators","7","Cardiovascular System","tab",99.9983704809363
"408225","4082","Peptide-based oral feed","Powder","420608","Paediatric Products","4206","Oral and Enteral Feeds","42","Special Foods","g",100
"194901","1949","Perhexiline maleate","Tab 100 mg","72202","Other Calcium Channel Blockers","722","Calcium Channel Blockers","7","Cardiovascular System","tab",99.9767919597351
"195002","1950","Pericyazine","Tab 10 mg","222201","General","2222","Antipsychotics","22","Nervous System","tab",100
"195001","1950","Pericyazine","Tab 2.5 mg","222201","General","2222","Antipsychotics","22","Nervous System","tab",99.999539425733
"280602","2806","Perindopril","Tab 2 mg","70701","ACE Inhibitors","707","Agents Affecting the Renin-Angiotensin System","7","Cardiovascular System","tab",99.9870531826584
"280601","2806","Perindopril","Tab 4 mg","70701","ACE Inhibitors","707","Agents Affecting the Renin-Angiotensin System","7","Cardiovascular System","tab",99.9956367185491
"280625","2806","Perindopril","Tab 8 mg","70701","ACE Inhibitors","707","Agents Affecting the Renin-Angiotensin System","7","Cardiovascular System","tab",99.9981336785199
"282801","2828","Permethrin","Crm 5%","101701","Parasiticidal Preparations","1017","Parasiticidal Preparations","10","Dermatologicals","g",96.5878387788641
"282802","2828","Permethrin","Lotn 5%","101701","Parasiticidal Preparations","1017","Parasiticidal Preparations","10","Dermatologicals","ml",94.3937886663174
"195303","1953","Pethidine hydrochloride","Inj 50 mg per ml, 1 ml ampoule","220407","Opioid Analgesics","2204","Analgesics","22","Nervous System","inj",37.0226079935406
"195305","1953","Pethidine hydrochloride","Inj 50 mg per ml, 2 ml ampoule","220407","Opioid Analgesics","2204","Analgesics","22","Nervous System","inj",63.7203988367262
"195301","1953","Pethidine hydrochloride","Tab 50 mg","220407","Opioid Analgesics","2204","Analgesics","22","Nervous System","tab",99.1095023783974
"195501","1955","Phenelzine sulphate","Tab 15 mg","220504","Monoamine-Oxidase Inhibitors (MAOIs) - Non Selective","2205","Antidepressants","22","Nervous System","tab",100
"335403","3354","Phenobarbitone","Tab 15 mg","220702","Control of Epilepsy","2207","Antiepilepsy Drugs","22","Nervous System","tab",99.9903856014768
"335404","3354","Phenobarbitone","Tab 30 mg","220702","Control of Epilepsy","2207","Antiepilepsy Drugs","22","Nervous System","tab",99.9425307395591
"195625","1956","Phenobarbitone sodium","Inj 200 mg per ml, 1 ml ampoule","222801","Sedatives and Hypnotics","2228","Sedatives and Hypnotics","22","Nervous System","inj",100
"195605","1956","Phenobarbitone sodium","Powder","380101","Extemporaneously Compounded Preparations and Galenicals","3801","Extemporaneously Compounded Preparations and Galenicals","38","Extemporaneously Compounded Preparations and Galenicals","g",100
"335606","3356","Phenol","Liquefied","380101","Extemporaneously Compounded Preparations and Galenicals","3801","Extemporaneously Compounded Preparations and Galenicals","38","Extemporaneously Compounded Preparations and Galenicals","ml",100
"407125","4071","Phenothrin","Shampoo 0.5%","101701","Parasiticidal Preparations","1017","Parasiticidal Preparations","10","Dermatologicals","ml",88.2605968276727
"196601","1966","Phenoxybenzamine hydrochloride","Cap 10 mg","70401","Alpha Adrenoceptor Blockers","704","Alpha-Adrenoceptor Blockers","7","Cardiovascular System","cap",100
"197025","1970","Phenoxymethylpenicillin (Penicillin V)","Cap 250 mg","160307","Penicillins","1603","Antibacterials","16","Infections - Agents for Systemic Use","cap",92.5576951354434
"197026","1970","Phenoxymethylpenicillin (Penicillin V)","Cap 500 mg","160307","Penicillins","1603","Antibacterials","16","Infections - Agents for Systemic Use","cap",96.4454201776664
"197027","1970","Phenoxymethylpenicillin (Penicillin V)","Grans for oral liq 125 mg per 5 ml","160307","Penicillins","1603","Antibacterials","16","Infections - Agents for Systemic Use","ml",49.2181060059338
"197028","1970","Phenoxymethylpenicillin (Penicillin V)","Grans for oral liq 250 mg per 5 ml","160307","Penicillins","1603","Antibacterials","16","Infections - Agents for Systemic Use","ml",92.0297323881699
"418925","4189","Phenylalanine","Powder, 4 g sachets","421220","Single dose amino acids","4212","Foods And Supplements For Inherited Metabolic Disease","42","Special Foods","sach",100
"197803","1978","Phenytoin sodium","Cap 100 mg","220702","Control of Epilepsy","2207","Antiepilepsy Drugs","22","Nervous System","cap",99.9656203808035
"197802","1978","Phenytoin sodium","Cap 30 mg","220702","Control of Epilepsy","2207","Antiepilepsy Drugs","22","Nervous System","cap",99.869946394552
"197806","1978","Phenytoin sodium","Inj 50 mg per ml, 2 ml ampoule","220701","Agents for Control of Status Epilepticus","2207","Antiepilepsy Drugs","22","Nervous System","inj",1.26117862875487
"197804","1978","Phenytoin sodium","Oral liq 30 mg per 5 ml","220702","Control of Epilepsy","2207","Antiepilepsy Drugs","22","Nervous System","ml",99.7931637007323
"197801","1978","Phenytoin sodium","Tab 50 mg","220702","Control of Epilepsy","2207","Antiepilepsy Drugs","22","Nervous System","tab",99.9045529392056
"201301","2013","Phosphorus","Tab eff 500 mg (16 mmol)","41004","Oral Administration","410","Fluids and Electrolytes","4","Blood and Blood Forming Organs","tab",99.6852401646981
"198603","1986","Phytomenadione","Inj 10 mg per ml, 1 ml","40403","Vitamin K","404","Antifibrinolytics, Haemostatics and Local Sclerosants","4","Blood and Blood Forming Organs","inj",43.9202844790094
"198625","1986","Phytomenadione","Inj 2 mg per 0.2 ml","40403","Vitamin K","404","Antifibrinolytics, Haemostatics and Local Sclerosants","4","Blood and Blood Forming Organs","inj",51.045806583104
"198702","1987","Pilocarpine hydrochloride","Eye drops 1%","310309","Glaucoma Preparations - Other","3103","Eye Preparations","31","Sensory Organs","ml",99.0081473609635
"198703","1987","Pilocarpine hydrochloride","Eye drops 2%","310309","Glaucoma Preparations - Other","3103","Eye Preparations","31","Sensory Organs","ml",97.7569728886288
"198705","1987","Pilocarpine hydrochloride","Eye drops 4%","310309","Glaucoma Preparations - Other","3103","Eye Preparations","31","Sensory Organs","ml",99.9605328071041
"198807","1988","Pilocarpine nitrate","Eye drops 2% single dose","310309","Glaucoma Preparations - Other","3103","Eye Preparations","31","Sensory Organs","dose",100
"413325","4133","Pimecrolimus","Cream 1%","101901","Psoriasis and Eczema Preparations","1019","Psoriasis and Eczema Preparations","10","Dermatologicals","g",100
"199025","1990","Pimozide","Tab 4 mg","222201","General","2222","Antipsychotics","22","Nervous System","tab",100
"199105","1991","Pindolol","Tab 10 mg","71601","Beta Adrenoceptor Blockers","716","Beta-Adrenoceptor Blockers","7","Cardiovascular System","tab",100
"199106","1991","Pindolol","Tab 15 mg","71601","Beta Adrenoceptor Blockers","716","Beta-Adrenoceptor Blockers","7","Cardiovascular System","tab",99.8510643173017
"199104","1991","Pindolol","Tab 5 mg","71601","Beta Adrenoceptor Blockers","716","Beta-Adrenoceptor Blockers","7","Cardiovascular System","tab",99.9866557370799
"222002","2220","Pine tar with trolamine laurilsulfate and fluorescein","Soln 2.3% with trolamine laurilsulfate and fluorescein sodium","101901","Psoriasis and Eczema Preparations","1019","Psoriasis and Eczema Preparations","10","Dermatologicals","ml",100
"380025","3800","Pioglitazone","Tab 15 mg","11312","Oral Hypoglycaemic Agents","113","Diabetes","1","Alimentary Tract and Metabolism","tab",99.9848136930279
"380026","3800","Pioglitazone","Tab 30 mg","11312","Oral Hypoglycaemic Agents","113","Diabetes","1","Alimentary Tract and Metabolism","tab",99.9996861082497
"380027","3800","Pioglitazone","Tab 45 mg","11312","Oral Hypoglycaemic Agents","113","Diabetes","1","Alimentary Tract and Metabolism","tab",99.9902338981396
"407925","4079","Pirfenidone","Cap 267 mg","283501","Antifibrotics","2835","Antifibrotics","28","Respiratory System and Allergies","cap",100
"407927","4079","Pirfenidone","Tab 267 mg","283501","Antifibrotics","2835","Antifibrotics","28","Respiratory System and Allergies","tab",100
"407926","4079","Pirfenidone","Tab 801 mg","283501","Antifibrotics","2835","Antifibrotics","28","Respiratory System and Allergies","tab",100
"200001","2000","Pizotifen","Tab 500 mcg","221304","Prophylaxis of Migraine","2213","Antimigraine Preparations","22","Nervous System","tab",99.9940144662311
"395825","3958","Pneumococcal (PCV13) conjugate vaccine","Inj 30.8 mcg of pneumococcal polysaccharide serotypes 1, 3, 4, 5, 6A, 6B, 7F, 9V, 14, 18C, 19A, 19F and 23F in 0.5ml syringe","452501","Vaccinations","4525","Vaccinations","45","National Immunisation Schedule","inj",100
"251601","2516","Podophyllotoxin","Soln 0.5%","102801","Wart Preparations","1028","Wart Preparations","10","Dermatologicals","ml",100
"243004","2430","Poloxamer","Oral drops 10%","12504","Faecal Softeners","125","Laxatives","1","Alimentary Tract and Metabolism","ml",100
"401325","4013","Polyethylene glycol 400 and propylene glycol","Eye drops 0.4% and propylene glycol 0.3%, 0.4 ml","310315","Preservative Free Ocular Lubricants","3103","Eye Preparations","31","Sensory Organs","vial",100
"401326","4013","Polyethylene glycol 400 and propylene glycol","Eye drops 0.4% and propylene glycol 0.3%, 0.8 ml","310315","Preservative Free Ocular Lubricants","3103","Eye Preparations","31","Sensory Organs","vial",100
"420325","4203","Pomalidomide","Cap 1 mg","250107","Other Cytotoxic Agents","2501","Chemotherapeutic Agents","25","Oncology Agents and Immunosuppressants","cap",100
"420326","4203","Pomalidomide","Cap 2 mg","250107","Other Cytotoxic Agents","2501","Chemotherapeutic Agents","25","Oncology Agents and Immunosuppressants","cap",100
"420327","4203","Pomalidomide","Cap 3 mg","250107","Other Cytotoxic Agents","2501","Chemotherapeutic Agents","25","Oncology Agents and Immunosuppressants","cap",100
"420328","4203","Pomalidomide","Cap 4 mg","250107","Other Cytotoxic Agents","2501","Chemotherapeutic Agents","25","Oncology Agents and Immunosuppressants","cap",100
"398925","3989","Posaconazole","Oral liq 40 mg per ml","160401","Antifungals","1604","Antifungals","16","Infections - Agents for Systemic Use","ml",100
"398926","3989","Posaconazole","Tab modified-release 100 mg","160401","Antifungals","1604","Antifungals","16","Infections - Agents for Systemic Use","tab",100
"201603","2016","Potassium chloride","Inj 75 mg per ml, 10 ml","41001","Intravenous Administration","410","Fluids and Electrolytes","4","Blood and Blood Forming Organs","inj",37.6493056679507
"201601","2016","Potassium chloride","Tab eff 548 mg (14 m eq) with chloride 285 mg (8 m eq)","41004","Oral Administration","410","Fluids and Electrolytes","4","Blood and Blood Forming Organs","tab",98.868506962908
"201602","2016","Potassium chloride","Tab long-acting 600 mg (8 mmol)","41004","Oral Administration","410","Fluids and Electrolytes","4","Blood and Blood Forming Organs","tab",99.6987286153987
"337025","3370","Potassium citrate","Oral liq 3 mmol per ml","131904","Other Urinary Agents","1319","Urinary Agents","13","Genito-Urinary System","ml",100
"390726","3907","Potassium iodate","Tab 253 mcg (150 mcg elemental iodine)","13825","Iodine","138","Minerals","1","Alimentary Tract and Metabolism","tab",99.3464155931218
"238525","2385","Povidone iodine","Antiseptic Solution 10%","101601","Minor Skin Infections","1016","Minor Skin Infections","10","Dermatologicals","ml",28.3415022379121
"238502","2385","Povidone iodine","Antiseptic soln 10%","101601","Minor Skin Infections","1016","Minor Skin Infections","10","Dermatologicals","ml",42.9898339346588
"238501","2385","Povidone iodine","Oint 10%","101601","Minor Skin Infections","1016","Minor Skin Infections","10","Dermatologicals","g",100
"238504","2385","Povidone iodine","Skin preparation, povidone iodine 10% with 30% alcohol","101601","Minor Skin Infections","1016","Minor Skin Infections","10","Dermatologicals","ml",61.2019285401211
"238505","2385","Povidone iodine","Skin preparation, povidone iodine 10% with 70% alcohol","101601","Minor Skin Infections","1016","Minor Skin Infections","10","Dermatologicals","ml",0.515144355524322
"394226","3942","Pramipexole hydrochloride","Tab 0.25 mg","220101","Dopamine Agonists and Related Agents","2201","Agents for Parkinsonism and Related Disorders","22","Nervous System","tab",99.9855066904045
"394228","3942","Pramipexole hydrochloride","Tab 1 mg","220101","Dopamine Agonists and Related Agents","2201","Agents for Parkinsonism and Related Disorders","22","Nervous System","tab",99.9730443513692
"394526","3945","Prasugrel","Tab 10 mg","40701","Antiplatelet Agents","407","Antithrombotic Agents","4","Blood and Blood Forming Organs","tab",100
"278002","2780","Pravastatin","Tab 10 mg","73204","HMG CoA Reductase Inhibitors (Statins)","732","Lipid-Modifying Agents","7","Cardiovascular System","tab",100
"278003","2780","Pravastatin","Tab 20 mg","73204","HMG CoA Reductase Inhibitors (Statins)","732","Lipid-Modifying Agents","7","Cardiovascular System","tab",99.988181268236
"278025","2780","Pravastatin","Tab 40 mg","73204","HMG CoA Reductase Inhibitors (Statins)","732","Lipid-Modifying Agents","7","Cardiovascular System","tab",99.991963594243
"399125","3991","Praziquantel","Tab 600 mg","160101","Anthelmintics","1601","Anthelmintics","16","Infections - Agents for Systemic Use","tab",99.8094557580088
"203125","2031","Prazosin","Cap 1 mg","70401","Alpha Adrenoceptor Blockers","704","Alpha-Adrenoceptor Blockers","7","Cardiovascular System","cap",99.9884277837713
"203126","2031","Prazosin","Cap 2 mg","70401","Alpha Adrenoceptor Blockers","704","Alpha-Adrenoceptor Blockers","7","Cardiovascular System","cap",99.8849553664522
"203127","2031","Prazosin","Cap 5 mg","70401","Alpha Adrenoceptor Blockers","704","Alpha-Adrenoceptor Blockers","7","Cardiovascular System","cap",99.8709208804013
"203102","2031","Prazosin","Tab 1 mg","70401","Alpha Adrenoceptor Blockers","704","Alpha-Adrenoceptor Blockers","7","Cardiovascular System","tab",99.9919895153613
"203103","2031","Prazosin","Tab 2 mg","70401","Alpha Adrenoceptor Blockers","704","Alpha-Adrenoceptor Blockers","7","Cardiovascular System","tab",99.8996611992454
"203104","2031","Prazosin","Tab 5 mg","70401","Alpha Adrenoceptor Blockers","704","Alpha-Adrenoceptor Blockers","7","Cardiovascular System","tab",99.894133338845
"203425","2034","Prednisolone","Oral liq 5 mg per ml","140701","Corticosteroids and Related Agents for Systemic Use","1407","Corticosteroids and Related Agents for Systemic Use","14","Hormone Preparations - Systemic Excluding Contraceptive Hormones","ml",90.7042356862594
"203202","2032","Prednisolone acetate","Eye drops 1%","310304","Corticosteroids and Other Anti-Inflammatory Preparations","3103","Eye Preparations","31","Sensory Organs","ml",89.8492694963553
"413125","4131","Prednisolone sodium","Rectal foam 20 mg per dose (14 applications)","10404","Rectal and Colonic Anti-inflammatories","104","Antidiarrhoeals","1","Alimentary Tract and Metabolism","pack",100
"405025","4050","Prednisolone sodium phosphate","Eye drops 0.5%, single dose (preservative free)","310304","Corticosteroids and Other Anti-Inflammatory Preparations","3103","Eye Preparations","31","Sensory Organs","dose",100
"203801","2038","Prednisone","Tab 1 mg","140701","Corticosteroids and Related Agents for Systemic Use","1407","Corticosteroids and Related Agents for Systemic Use","14","Hormone Preparations - Systemic Excluding Contraceptive Hormones","tab",99.8983438127804
"203802","2038","Prednisone","Tab 2.5 mg","140701","Corticosteroids and Related Agents for Systemic Use","1407","Corticosteroids and Related Agents for Systemic Use","14","Hormone Preparations - Systemic Excluding Contraceptive Hormones","tab",99.9443698059931
"203804","2038","Prednisone","Tab 20 mg","140701","Corticosteroids and Related Agents for Systemic Use","1407","Corticosteroids and Related Agents for Systemic Use","14","Hormone Preparations - Systemic Excluding Contraceptive Hormones","tab",97.0422386409256
"203803","2038","Prednisone","Tab 5 mg","140701","Corticosteroids and Related Agents for Systemic Use","1407","Corticosteroids and Related Agents for Systemic Use","14","Hormone Preparations - Systemic Excluding Contraceptive Hormones","tab",99.213154588483
"409727","4097","Pregabalin","Cap 150 mg","220702","Control of Epilepsy","2207","Antiepilepsy Drugs","22","Nervous System","cap",99.9136311331223
"409725","4097","Pregabalin","Cap 25 mg","220702","Control of Epilepsy","2207","Antiepilepsy Drugs","22","Nervous System","cap",99.8634753297992
"409728","4097","Pregabalin","Cap 300 mg","220702","Control of Epilepsy","2207","Antiepilepsy Drugs","22","Nervous System","cap",99.9394278941626
"409726","4097","Pregabalin","Cap 75 mg","220702","Control of Epilepsy","2207","Antiepilepsy Drugs","22","Nervous System","cap",99.8618782961211
"400226","4002","Primaquine","Tab 15 mg","161001","Antimalarials","1610","Antimalarials","16","Infections - Agents for Systemic Use","tab",100
"204101","2041","Primidone","Tab 250 mg","220702","Control of Epilepsy","2207","Antiepilepsy Drugs","22","Nervous System","tab",99.9673137904229
"204201","2042","Probenecid","Tab 500 mg","191301","Hyperuricaemia and Antigout","1913","Hyperuricaemia and Antigout","19","Musculoskeletal System","tab",97.3709697530842
"204701","2047","Procarbazine hydrochloride","Cap 50 mg","250107","Other Cytotoxic Agents","2501","Chemotherapeutic Agents","25","Oncology Agents and Immunosuppressants","cap",100
"601206","6012","Prochlorperazine","Inj 12.5 mg per ml, 1 ml","221601","Antinausea and Vertigo Agents","2216","Antinausea and Vertigo Agents","22","Nervous System","inj",13.0244594488086
"601201","6012","Prochlorperazine","Tab 3 mg buccal","221601","Antinausea and Vertigo Agents","2216","Antinausea and Vertigo Agents","22","Nervous System","tab",98.3469232132362
"601202","6012","Prochlorperazine","Tab 5 mg","221601","Antinausea and Vertigo Agents","2216","Antinausea and Vertigo Agents","22","Nervous System","tab",99.1141684300995
"204901","2049","Procyclidine hydrochloride","Tab 5 mg","220104","Anticholinergics","2201","Agents for Parkinsonism and Related Disorders","22","Nervous System","tab",99.9943057344957
"205225","2052","Progesterone","Cap 100 mg","141301","Other Progestogen Preparations","1413","Other Progestogen Preparations","14","Hormone Preparations - Systemic Excluding Contraceptive Hormones","cap",99.997678890436
"247805","2478","Promethazine hydrochloride","Inj 25 mg per ml, 2 ml ampoule","280401","Antihistamines","2804","Antihistamines","28","Respiratory System and Allergies","inj",29.077901660152
"247803","2478","Promethazine hydrochloride","Oral liq 1 mg per 1 ml","280401","Antihistamines","2804","Antihistamines","28","Respiratory System and Allergies","ml",97.8690492136385
"247801","2478","Promethazine hydrochloride","Tab 10 mg","280401","Antihistamines","2804","Antihistamines","28","Respiratory System and Allergies","tab",99.702953409103
"247802","2478","Promethazine hydrochloride","Tab 25 mg","280401","Antihistamines","2804","Antihistamines","28","Respiratory System and Allergies","tab",99.8251524465757
"281001","2810","Propafenone hydrochloride","Tab 150 mg","71301","Antiarrhythmics","713","Antiarrhythmics","7","Cardiovascular System","tab",99.9816256408058
"205701","2057","Propamidine isethionate","Eye drops 0.1%","310301","Anti-Infective Preparations","3103","Eye Preparations","31","Sensory Organs","ml",100
"206006","2060","Propranolol","Cap long-acting 160 mg","71601","Beta Adrenoceptor Blockers","716","Beta-Adrenoceptor Blockers","7","Cardiovascular System","cap",99.9869669603679
"206025","2060","Propranolol","Oral liq 4 mg per ml","71601","Beta Adrenoceptor Blockers","716","Beta-Adrenoceptor Blockers","7","Cardiovascular System","ml",100
"206001","2060","Propranolol","Tab 10 mg","71601","Beta Adrenoceptor Blockers","716","Beta-Adrenoceptor Blockers","7","Cardiovascular System","tab",99.9847362275333
"206002","2060","Propranolol","Tab 40 mg","71601","Beta Adrenoceptor Blockers","716","Beta-Adrenoceptor Blockers","7","Cardiovascular System","tab",99.9855559286755
"124001","1240","Propylene glycol","Liq","380101","Extemporaneously Compounded Preparations and Galenicals","3801","Extemporaneously Compounded Preparations and Galenicals","38","Extemporaneously Compounded Preparations and Galenicals","ml",100
"206201","2062","Propylthiouracil","Tab 50 mg","141401","Thyroid and Antithyroid Agents","1414","Thyroid and Antithyroid Agents","14","Hormone Preparations - Systemic Excluding Contraceptive Hormones","tab",100
"420425","4204","Protein free supplement containing carbohydrate, fat with added vitamins and minerals","Powder (neutral), can","421224","Carbohydrate and Fat with added vitamins and minerals","4212","Foods And Supplements For Inherited Metabolic Disease","42","Special Foods","g",100
"293701","2937","Protein supplement","Powder","420204","Protein","4202","Nutrient Modules","42","Special Foods","g",100
"400125","4001","Protionamide","Tab 250 mg","161601","Antituberculotics and Antileprotics","1616","Antituberculotics and Antileprotics","16","Infections - Agents for Systemic Use","tab",100
"206901","2069","Pyrazinamide","Tab 500 mg","161601","Antituberculotics and Antileprotics","1616","Antituberculotics and Antileprotics","16","Infections - Agents for Systemic Use","tab",100
"207001","2070","Pyridostigmine bromide","Tab 60 mg","190101","Anticholinesterases","1901","Anticholinesterases","19","Musculoskeletal System","tab",99.9789124381325
"207102","2071","Pyridoxine hydrochloride","Tab 25 mg","13704","Vitamin B","137","Vitamins","1","Alimentary Tract and Metabolism","tab",100
"207103","2071","Pyridoxine hydrochloride","Tab 50 mg","13704","Vitamin B","137","Vitamins","1","Alimentary Tract and Metabolism","tab",100
"399225","3992","Pyrimethamine","Tab 25 mg","160313","Other Antibiotics","1603","Antibacterials","16","Infections - Agents for Systemic Use","tab",100
"118302","1183","Quetiapine","Tab 100 mg","222201","General","2222","Antipsychotics","22","Nervous System","tab",99.9738004914875
"118303","1183","Quetiapine","Tab 200 mg","222201","General","2222","Antipsychotics","22","Nervous System","tab",99.9604286422665
"118301","1183","Quetiapine","Tab 25 mg","222201","General","2222","Antipsychotics","22","Nervous System","tab",99.9569850025322
"118325","1183","Quetiapine","Tab 300 mg","222201","General","2222","Antipsychotics","22","Nervous System","tab",99.9885743246918
"277202","2772","Quinapril","Tab 10 mg","70701","ACE Inhibitors","707","Agents Affecting the Renin-Angiotensin System","7","Cardiovascular System","tab",99.9810388091761
"277203","2772","Quinapril","Tab 20 mg","70701","ACE Inhibitors","707","Agents Affecting the Renin-Angiotensin System","7","Cardiovascular System","tab",99.9923121766659
"277201","2772","Quinapril","Tab 5 mg","70701","ACE Inhibitors","707","Agents Affecting the Renin-Angiotensin System","7","Cardiovascular System","tab",99.9558611529071
"374925","3749","Quinapril with hydrochlorothiazide","Tab 10 mg with hydrochlorothiazide 12.5 mg","70702","ACE Inhibitors with Diuretics","707","Agents Affecting the Renin-Angiotensin System","7","Cardiovascular System","tab",99.9920494886463
"374926","3749","Quinapril with hydrochlorothiazide","Tab 20 mg with hydrochlorothiazide 12.5 mg","70702","ACE Inhibitors with Diuretics","707","Agents Affecting the Renin-Angiotensin System","7","Cardiovascular System","tab",99.9938764826815
"207902","2079","Quinine sulphate","Tab 300 mg","161204","Antiprotozoals","1612","Antiparasitics","16","Infections - Agents for Systemic Use","tab",99.7908162844018
"393825","3938","Raloxifene hydrochloride","Tab 60 mg","190806","Other Treatments","1908","Drugs Affecting Bone Metabolism","19","Musculoskeletal System","tab",100
"390025","3900","Raltegravir potassium","Tab 400 mg","162007","Strand Transfer Inhibitors","1620","Antiretrovirals","16","Infections - Agents for Systemic Use","tab",100
"390026","3900","Raltegravir potassium","Tab 600 mg","162007","Strand Transfer Inhibitors","1620","Antiretrovirals","16","Infections - Agents for Systemic Use","tab",100
"416425","4164","Ramipril","Cap 1.25 mg","70701","ACE Inhibitors","707","Agents Affecting the Renin-Angiotensin System","7","Cardiovascular System","cap",99.9692508521285
"416428","4164","Ramipril","Cap 10 mg","70701","ACE Inhibitors","707","Agents Affecting the Renin-Angiotensin System","7","Cardiovascular System","cap",99.9857631644051
"416426","4164","Ramipril","Cap 2.5 mg","70701","ACE Inhibitors","707","Agents Affecting the Renin-Angiotensin System","7","Cardiovascular System","cap",99.9771631918926
"416427","4164","Ramipril","Cap 5 mg","70701","ACE Inhibitors","707","Agents Affecting the Renin-Angiotensin System","7","Cardiovascular System","cap",99.9850334924838
"208004","2080","Ranitidine","Inj 25 mg per ml, 2 ml","11003","H2 Antagonists","110","Antiulcerants","1","Alimentary Tract and Metabolism","inj",100
"208003","2080","Ranitidine","Oral liq 150 mg per 10 ml","11003","H2 Antagonists","110","Antiulcerants","1","Alimentary Tract and Metabolism","ml",100
"414825","4148","Rasagiline","Tab 1 mg","220101","Dopamine Agonists and Related Agents","2201","Agents for Parkinsonism and Related Disorders","22","Nervous System","tab",99.9991831108161
"402725","4027","Renal enteral  feed 1.8 kcal/ml","Liquid","420609","Renal Products","4206","Oral and Enteral Feeds","42","Special Foods","ml",100
"402825","4028","Renal oral feed 1.8 kcal/ml","Liquid","420609","Renal Products","4206","Oral and Enteral Feeds","42","Special Foods","ml",100
"402826","4028","Renal oral feed 1.8 kcal/ml","Liquid, 220 ml bottle","420609","Renal Products","4206","Oral and Enteral Feeds","42","Special Foods","btl",100
"294401","2944","Renal oral feed 2 kcal/ml","Liquid","420609","Renal Products","4206","Oral and Enteral Feeds","42","Special Foods","ml",100
"294402","2944","Renal oral feed 2 kcal/ml","Liquid (apricot) 125 ml","420609","Renal Products","4206","Oral and Enteral Feeds","42","Special Foods","pack",100
"294403","2944","Renal oral feed 2 kcal/ml","Liquid (caramel) 125 ml","420609","Renal Products","4206","Oral and Enteral Feeds","42","Special Foods","pack",100
"294427","2944","Renal oral feed 2 kcal/ml","Liquid, 200 ml bottle","420609","Renal Products","4206","Oral and Enteral Feeds","42","Special Foods","btl",100
"401125","4011","Retinol palmitate","Eye oint 138 mcg per g","310317","Other Eye Preparations","3103","Eye Preparations","31","Sensory Organs","g",99.9743591308966
"420025","4200","Ribociclib","Tab 200 mg","250109","Protein-tyrosine Kinase Inhibitors","2501","Chemotherapeutic Agents","25","Oncology Agents and Immunosuppressants","tab",100
"285401","2854","Rifabutin","Cap 150 mg","161601","Antituberculotics and Antileprotics","1616","Antituberculotics and Antileprotics","16","Infections - Agents for Systemic Use","cap",100
"208803","2088","Rifampicin","Cap 150 mg","161601","Antituberculotics and Antileprotics","1616","Antituberculotics and Antileprotics","16","Infections - Agents for Systemic Use","cap",99.8928341287111
"208804","2088","Rifampicin","Cap 300 mg","161601","Antituberculotics and Antileprotics","1616","Antituberculotics and Antileprotics","16","Infections - Agents for Systemic Use","cap",99.9437446772308
"208805","2088","Rifampicin","Oral liq 100 mg per 5 ml","161601","Antituberculotics and Antileprotics","1616","Antituberculotics and Antileprotics","16","Infections - Agents for Systemic Use","ml",99.7998704259111
"403325","4033","Rifaximin","Tab 550 mg","11101","Bile and Liver Therapy","111","Bile and Liver Therapy","1","Alimentary Tract and Metabolism","tab",100
"401725","4017","Riluzole","Tab 50 mg","220107","Agents for Essential Tremor, Chorea and Related Disorders","2201","Agents for Parkinsonism and Related Disorders","22","Nervous System","tab",100
"401525","4015","Risedronate sodium","Tab 35 mg","190806","Other Treatments","1908","Drugs Affecting Bone Metabolism","19","Musculoskeletal System","tab",99.9955334116253
"101126","1011","Risperidone","Inj 25 mg vial","222204","Depot Injections","2222","Antipsychotics","22","Nervous System","inj",100
"101127","1011","Risperidone","Inj 37.5 mg vial","222204","Depot Injections","2222","Antipsychotics","22","Nervous System","inj",100
"101128","1011","Risperidone","Inj 50 mg vial","222204","Depot Injections","2222","Antipsychotics","22","Nervous System","inj",100
"101105","1011","Risperidone","Oral liq 1 mg per ml","222201","General","2222","Antipsychotics","22","Nervous System","ml",99.8351335336298
"101125","1011","Risperidone","Tab 0.5 mg","222201","General","2222","Antipsychotics","22","Nervous System","tab",99.8931430164084
"101101","1011","Risperidone","Tab 1 mg","222201","General","2222","Antipsychotics","22","Nervous System","tab",99.9566140562797
"101102","1011","Risperidone","Tab 2 mg","222201","General","2222","Antipsychotics","22","Nervous System","tab",99.9754211482505
"101103","1011","Risperidone","Tab 3 mg","222201","General","2222","Antipsychotics","22","Nervous System","tab",99.9950290567169
"101104","1011","Risperidone","Tab 4 mg","222201","General","2222","Antipsychotics","22","Nervous System","tab",99.9915531751571
"108625","1086","Ritonavir","Tab 100 mg","162005","Protease Inhibitors","1620","Antiretrovirals","16","Infections - Agents for Systemic Use","tab",100
"392425","3924","Rivaroxaban","Tab 10 mg","40707","Oral Anticoagulants","407","Antithrombotic Agents","4","Blood and Blood Forming Organs","tab",99.6697522631275
"392426","3924","Rivaroxaban","Tab 15 mg","40707","Oral Anticoagulants","407","Antithrombotic Agents","4","Blood and Blood Forming Organs","tab",99.8867790738275
"392427","3924","Rivaroxaban","Tab 20 mg","40707","Oral Anticoagulants","407","Antithrombotic Agents","4","Blood and Blood Forming Organs","tab",99.9793450632094
"403725","4037","Rivastigmine","Patch 4.6 mg per 24 hour","223201","Treatments for Dementia","2232","Treatments for Dementia","22","Nervous System","patch",100
"403726","4037","Rivastigmine","Patch 9.5 mg per 24 hour","223201","Treatments for Dementia","2232","Treatments for Dementia","22","Nervous System","patch",100
"387625","3876","Rizatriptan","Tab orodispersible 10 mg","221301","Acute Migraine Treatment","2213","Antimigraine Preparations","22","Nervous System","tab",99.8577557610157
"383025","3830","Ropinirole hydrochloride","Tab 0.25 mg","220101","Dopamine Agonists and Related Agents","2201","Agents for Parkinsonism and Related Disorders","22","Nervous System","tab",99.9836472748029
"383026","3830","Ropinirole hydrochloride","Tab 1 mg","220101","Dopamine Agonists and Related Agents","2201","Agents for Parkinsonism and Related Disorders","22","Nervous System","tab",99.9920136399061
"383027","3830","Ropinirole hydrochloride","Tab 2 mg","220101","Dopamine Agonists and Related Agents","2201","Agents for Parkinsonism and Related Disorders","22","Nervous System","tab",99.991288712799
"383028","3830","Ropinirole hydrochloride","Tab 5 mg","220101","Dopamine Agonists and Related Agents","2201","Agents for Parkinsonism and Related Disorders","22","Nervous System","tab",100
"338101","3381","Rose water concentrate","Rose water concentrate","380101","Extemporaneously Compounded Preparations and Galenicals","3801","Extemporaneously Compounded Preparations and Galenicals","38","Extemporaneously Compounded Preparations and Galenicals","ml",100
"415226","4152","Rosuvastatin","Tab 10 mg","73204","HMG CoA Reductase Inhibitors (Statins)","732","Lipid-Modifying Agents","7","Cardiovascular System","tab",100
"415227","4152","Rosuvastatin","Tab 20 mg","73204","HMG CoA Reductase Inhibitors (Statins)","732","Lipid-Modifying Agents","7","Cardiovascular System","tab",99.9999873099543
"415228","4152","Rosuvastatin","Tab 40 mg","73204","HMG CoA Reductase Inhibitors (Statins)","732","Lipid-Modifying Agents","7","Cardiovascular System","tab",100
"415225","4152","Rosuvastatin","Tab 5 mg","73204","HMG CoA Reductase Inhibitors (Statins)","732","Lipid-Modifying Agents","7","Cardiovascular System","tab",100
"408525","4085","Rotavirus oral vaccine","Oral susp live attenuated human rotavirus 1,000,000 CCID50 per dose, prefilled oral applicator","452501","Vaccinations","4525","Vaccinations","45","National Immunisation Schedule","each",100
"408526","4085","Rotavirus oral vaccine","Oral susp live attenuated human rotavirus 1,000,000 CCID50 per dose, squeezable tube","452501","Vaccinations","4525","Vaccinations","45","National Immunisation Schedule","tube",100
"279001","2790","Roxithromycin","Tab 150 mg","160304","Macrolides","1603","Antibacterials","16","Infections - Agents for Systemic Use","tab",98.2571462685575
"279002","2790","Roxithromycin","Tab 300 mg","160304","Macrolides","1603","Antibacterials","16","Infections - Agents for Systemic Use","tab",98.2355842082469
"279025","2790","Roxithromycin","Tab disp 50 mg","160304","Macrolides","1603","Antibacterials","16","Infections - Agents for Systemic Use","tab",99.9045138888889
"410628","4106","Ruxolitinib","Tab 10mg","250109","Protein-tyrosine Kinase Inhibitors","2501","Chemotherapeutic Agents","25","Oncology Agents and Immunosuppressants","tab",100
"410626","4106","Ruxolitinib","Tab 15 mg","250109","Protein-tyrosine Kinase Inhibitors","2501","Chemotherapeutic Agents","25","Oncology Agents and Immunosuppressants","tab",100
"410627","4106","Ruxolitinib","Tab 20 mg","250109","Protein-tyrosine Kinase Inhibitors","2501","Chemotherapeutic Agents","25","Oncology Agents and Immunosuppressants","tab",100
"410625","4106","Ruxolitinib","Tab 5 mg","250109","Protein-tyrosine Kinase Inhibitors","2501","Chemotherapeutic Agents","25","Oncology Agents and Immunosuppressants","tab",100
"410525","4105","Sacubitril with valsartan","Tab 24.3 mg with valsartan 25.7 mg","70710","Angiotensin II Antagonists with Neprilysin Inhibitors","707","Agents Affecting the Renin-Angiotensin System","7","Cardiovascular System","tab",99.9999125961743
"410526","4105","Sacubitril with valsartan","Tab 48.6 mg with valsartan 51.4 mg","70710","Angiotensin II Antagonists with Neprilysin Inhibitors","707","Agents Affecting the Renin-Angiotensin System","7","Cardiovascular System","tab",100
"410527","4105","Sacubitril with valsartan","Tab 97.2 mg with valsartan 102.8 mg","70710","Angiotensin II Antagonists with Neprilysin Inhibitors","707","Agents Affecting the Renin-Angiotensin System","7","Cardiovascular System","tab",99.9999860960823
"209616","2096","Salbutamol","Aerosol inhaler, 100 mcg per dose CFC free","283010","Inhaled Beta-Adrenoceptor Agonists","2830","Beta-Adrenoceptor Agonists","28","Respiratory System and Allergies","dose",95.9116984826584
"209605","2096","Salbutamol","Infusion 1 mg per ml, 5 ml","283001","Beta-Adrenoceptor Agonists","2830","Beta-Adrenoceptor Agonists","28","Respiratory System and Allergies","inf",9.54810495626822
"209604","2096","Salbutamol","Inj 500 mcg per ml, 1 ml","283001","Beta-Adrenoceptor Agonists","2830","Beta-Adrenoceptor Agonists","28","Respiratory System and Allergies","inj",2.6156473144986
"209614","2096","Salbutamol","Nebuliser soln, 1 mg per ml, 2.5 ml ampoule","283010","Inhaled Beta-Adrenoceptor Agonists","2830","Beta-Adrenoceptor Agonists","28","Respiratory System and Allergies","neb",85.0026783854747
"209615","2096","Salbutamol","Nebuliser soln, 2 mg per ml, 2.5 ml ampoule","283010","Inhaled Beta-Adrenoceptor Agonists","2830","Beta-Adrenoceptor Agonists","28","Respiratory System and Allergies","neb",91.5474160065774
"209603","2096","Salbutamol","Oral liq 400 mcg per ml","283001","Beta-Adrenoceptor Agonists","2830","Beta-Adrenoceptor Agonists","28","Respiratory System and Allergies","ml",99.7785127732714
"631125","6311","Salbutamol with ipratropium bromide","Aerosol inhaler, 100 mcg with ipratropium bromide, 20 mcg per dose CFC-free","283410","Inhaled Beta-Adrenoceptor Agonists with Anticholinergic Agents","2834","Anticholinergic Agents","28","Respiratory System and Allergies","dose",99.1783591443937
"631102","6311","Salbutamol with ipratropium bromide","Nebuliser soln, 2.5 mg with ipratropium bromide 0.5 mg per vial, 2.5 ml ampoule","283410","Inhaled Beta-Adrenoceptor Agonists with Anticholinergic Agents","2834","Anticholinergic Agents","28","Respiratory System and Allergies","neb",95.2459645124447
"338501","3385","Salicylic acid","Powder","101901","Psoriasis and Eczema Preparations","1019","Psoriasis and Eczema Preparations","10","Dermatologicals","g",99.2428637711224
"106625","1066","Salmeterol","Aerosol inhaler CFC-free, 25 mcg per dose","282402","Inhaled Long-acting Beta-adrenoceptor Agonists","2824","Inhaled Long-acting Beta-adrenoceptor Agonists","28","Respiratory System and Allergies","dose",99.8584397959661
"106603","1066","Salmeterol","Powder for inhalation, 50 mcg per dose, breath activated","282402","Inhaled Long-acting Beta-adrenoceptor Agonists","2824","Inhaled Long-acting Beta-adrenoceptor Agonists","28","Respiratory System and Allergies","dose",100
"410725","4107","Secukinumab","Inj 150 mg per ml, 1 ml prefilled syringe","250704","Monoclonal Antibodies","2507","Immunosuppressants","25","Oncology Agents and Immunosuppressants","inj",100
"264201","2642","Selegiline hydrochloride","Tab 5 mg","220101","Dopamine Agonists and Related Agents","2201","Agents for Parkinsonism and Related Disorders","22","Nervous System","tab",100
"293801","2938","Semi-elemental enteral feed 1kcal/ml","Liquid","420610","Specialised And Elemental Products","4206","Oral and Enteral Feeds","42","Special Foods","ml",100
"293825","2938","Semi-elemental enteral feed 1kcal/ml","Liquid, 500 ml bottle","420610","Specialised And Elemental Products","4206","Oral and Enteral Feeds","42","Special Foods","btl",100
"246101","2461","Senna","Tab, standardised","12510","Stimulant Laxatives","125","Laxatives","1","Alimentary Tract and Metabolism","tab",100
"392726","3927","Sertraline","Tab 100 mg","220507","Selective Serotonin Reuptake Inhibitors","2205","Antidepressants","22","Nervous System","tab",99.9931668854838
"392725","3927","Sertraline","Tab 50 mg","220507","Selective Serotonin Reuptake Inhibitors","2205","Antidepressants","22","Nervous System","tab",99.9919333330348
"389027","3890","Sildenafil","Tab 100 mg","74007","Phosphodiesterase Type 5 Inhibitors","740","Vasodilators","7","Cardiovascular System","tab",100
"389025","3890","Sildenafil","Tab 25 mg","74007","Phosphodiesterase Type 5 Inhibitors","740","Vasodilators","7","Cardiovascular System","tab",100
"389026","3890","Sildenafil","Tab 50 mg","74007","Phosphodiesterase Type 5 Inhibitors","740","Vasodilators","7","Cardiovascular System","tab",100
"251301","2513","Simvastatin","Tab 10 mg","73204","HMG CoA Reductase Inhibitors (Statins)","732","Lipid-Modifying Agents","7","Cardiovascular System","tab",99.9842364696863
"251302","2513","Simvastatin","Tab 20 mg","73204","HMG CoA Reductase Inhibitors (Statins)","732","Lipid-Modifying Agents","7","Cardiovascular System","tab",99.9794592212318
"251304","2513","Simvastatin","Tab 40 mg","73204","HMG CoA Reductase Inhibitors (Statins)","732","Lipid-Modifying Agents","7","Cardiovascular System","tab",99.9943471879067
"251325","2513","Simvastatin","Tab 80 mg","73204","HMG CoA Reductase Inhibitors (Statins)","732","Lipid-Modifying Agents","7","Cardiovascular System","tab",99.9773481898623
"386926","3869","Sirolimus","Oral liq 1 mg per ml","250706","Other Immunosuppressants","2507","Immunosuppressants","25","Oncology Agents and Immunosuppressants","ml",100
"386925","3869","Sirolimus","Tab 1 mg","250706","Other Immunosuppressants","2507","Immunosuppressants","25","Oncology Agents and Immunosuppressants","tab",100
"386927","3869","Sirolimus","Tab 2 mg","250706","Other Immunosuppressants","2507","Immunosuppressants","25","Oncology Agents and Immunosuppressants","tab",100
"154608","1546","Sodium Fusidate [fusidic acid]","Crm 2%","100401","Antibacterials Topical","1004","Antibacterials Topical","10","Dermatologicals","g",100
"154604","1546","Sodium Fusidate [fusidic acid]","Eye drops 1%","310301","Anti-Infective Preparations","3103","Eye Preparations","31","Sensory Organs","g",98.9417746858752
"154609","1546","Sodium Fusidate [fusidic acid]","Oint 2%","100401","Antibacterials Topical","1004","Antibacterials Topical","10","Dermatologicals","g",100
"154601","1546","Sodium Fusidate [fusidic acid]","Tab 250 mg","160313","Other Antibiotics","1603","Antibacterials","16","Infections - Agents for Systemic Use","tab",100
"246202","2462","Sodium acid phosphate","Enema 16% with sodium phosphate 8%","12507","Osmotic Laxatives","125","Laxatives","1","Alimentary Tract and Metabolism","en",100
"212525","2125","Sodium alginate","Oral liq 500 mg with sodium bicarbonate 267 mg and calcium carbonate 160 mg per 10 ml","10102","Antacids and Reflux Barrier Agents","101","Antacids and Antiflatulents","1","Alimentary Tract and Metabolism","ml",99.3343364774908
"212526","2125","Sodium alginate","Tab 500 mg with sodium bicarbonate 267 mg and calcium carbonate 160 mg - peppermint flavour","10102","Antacids and Reflux Barrier Agents","101","Antacids and Antiflatulents","1","Alimentary Tract and Metabolism","tab",99.8391392167868
"212827","2128","Sodium bicarbonate","Cap 840 mg","41004","Oral Administration","410","Fluids and Electrolytes","4","Blood and Blood Forming Organs","cap",99.96976607124
"212802","2128","Sodium bicarbonate","Inj 8.4%, 100 ml","41001","Intravenous Administration","410","Fluids and Electrolytes","4","Blood and Blood Forming Organs","inj",31.8660207150017
"212826","2128","Sodium bicarbonate","Inj 8.4%, 50 ml","41001","Intravenous Administration","410","Fluids and Electrolytes","4","Blood and Blood Forming Organs","inj",21.3888169816205
"212803","2128","Sodium bicarbonate","Powder","380101","Extemporaneously Compounded Preparations and Galenicals","3801","Extemporaneously Compounded Preparations and Galenicals","38","Extemporaneously Compounded Preparations and Galenicals","g",100
"212825","2128","Sodium bicarbonate","Powder BP","380101","Extemporaneously Compounded Preparations and Galenicals","3801","Extemporaneously Compounded Preparations and Galenicals","38","Extemporaneously Compounded Preparations and Galenicals","g",99.805441654783
"213528","2135","Sodium chloride","Inj 0.9%, 1,000 ml bag","41001","Intravenous Administration","410","Fluids and Electrolytes","4","Blood and Blood Forming Organs","bag",91.562674727962
"213504","2135","Sodium chloride","Inj 0.9%, 10 ml ampoule","41001","Intravenous Administration","410","Fluids and Electrolytes","4","Blood and Blood Forming Organs","inj",17.5415989206165
"213505","2135","Sodium chloride","Inj 0.9%, 20 ml ampoule","41001","Intravenous Administration","410","Fluids and Electrolytes","4","Blood and Blood Forming Organs","inj",61.2900720985906
"213503","2135","Sodium chloride","Inj 0.9%, 5 ml ampoule","41001","Intravenous Administration","410","Fluids and Electrolytes","4","Blood and Blood Forming Organs","inj",65.3545785062581
"213527","2135","Sodium chloride","Inj 0.9%, 500 ml bag","41001","Intravenous Administration","410","Fluids and Electrolytes","4","Blood and Blood Forming Organs","bag",25.0476055137132
"213509","2135","Sodium chloride","Inj 0.9%, bag","41001","Intravenous Administration","410","Fluids and Electrolytes","4","Blood and Blood Forming Organs","ml",56.7345332098146
"213525","2135","Sodium chloride","Inj 23.4% (4 mmol/ml), 20 ml ampoule","41001","Intravenous Administration","410","Fluids and Electrolytes","4","Blood and Blood Forming Organs","inj",98.7183324716319
"213526","2135","Sodium chloride","Soln 7%","284902","Mucolytics","2849","Mucolytics","28","Respiratory System and Allergies","ml",99.7780600697943
"214001","2140","Sodium citrate with sodium lauryl sulphoacetate","Enema 90 mg with sodium lauryl sulphoacetate 9 mg per ml, 5 ml","12507","Osmotic Laxatives","125","Laxatives","1","Alimentary Tract and Metabolism","en",100
"214201","2142","Sodium citro-tartrate","Grans eff 4 g sachets","131904","Other Urinary Agents","1319","Urinary Agents","13","Genito-Urinary System","sach",97.5535068621256
"214413","2144","Sodium cromoglicate","Aerosol inhaler, 5 mg per dose CFC-free","284001","Mast Cell Stabilisers","2840","Mast Cell Stabilisers","28","Respiratory System and Allergies","dose",99.9457994579946
"214406","2144","Sodium cromoglicate","Cap 100 mg","10404","Rectal and Colonic Anti-inflammatories","104","Antidiarrhoeals","1","Alimentary Tract and Metabolism","cap",99.9858636589286
"214407","2144","Sodium cromoglicate","Eye drops 2%","310304","Corticosteroids and Other Anti-Inflammatory Preparations","3103","Eye Preparations","31","Sensory Organs","ml",99.6804819931602
"214901","2149","Sodium fluoride","Tab 1.1 mg (0.5 mg elemental)","13820","Fluoride","138","Minerals","1","Alimentary Tract and Metabolism","tab",100
"401025","4010","Sodium hyaluronate [Hyaluronic acid]","Eye drops 1 mg per ml","310315","Preservative Free Ocular Lubricants","3103","Eye Preparations","31","Sensory Organs","ml",99.999643654466
"414625","4146","Sodium picosulfate","Oral soln 7.5 mg per ml","12510","Stimulant Laxatives","125","Laxatives","1","Alimentary Tract and Metabolism","ml",100
"216001","2160","Sodium polystyrene sulphonate","Powder","41004","Oral Administration","410","Fluids and Electrolytes","4","Blood and Blood Forming Organs","g",99.0816326530612
"216404","2164","Sodium tetradecyl sulphate","Inj 3% 2 ml","40401","Antifibrinolytics, Haemostatics and Local Sclerosants","404","Antifibrinolytics, Haemostatics and Local Sclerosants","4","Blood and Blood Forming Organs","inj",2.09184900216398
"216605","2166","Sodium valproate","Inj 100 mg per ml, 4 ml","220702","Control of Epilepsy","2207","Antiepilepsy Drugs","22","Nervous System","inj",31.1611374407583
"216604","2166","Sodium valproate","Oral liq 200 mg per 5 ml","220702","Control of Epilepsy","2207","Antiepilepsy Drugs","22","Nervous System","ml",99.9508245535646
"216601","2166","Sodium valproate","Tab 100 mg","220702","Control of Epilepsy","2207","Antiepilepsy Drugs","22","Nervous System","tab",99.9618674387264
"216602","2166","Sodium valproate","Tab 200 mg EC","220702","Control of Epilepsy","2207","Antiepilepsy Drugs","22","Nervous System","tab",99.9862000154563
"216603","2166","Sodium valproate","Tab 500 mg EC","220702","Control of Epilepsy","2207","Antiepilepsy Drugs","22","Nervous System","tab",99.9894837197197
"390226","3902","Solifenacin succinate","Tab 10 mg","131904","Other Urinary Agents","1319","Urinary Agents","13","Genito-Urinary System","tab",99.9913060364099
"390225","3902","Solifenacin succinate","Tab 5 mg","131904","Other Urinary Agents","1319","Urinary Agents","13","Genito-Urinary System","tab",99.9603679848782
"216902","2169","Sotalol","Tab 160 mg","71601","Beta Adrenoceptor Blockers","716","Beta-Adrenoceptor Blockers","7","Cardiovascular System","tab",100
"216901","2169","Sotalol","Tab 80 mg","71601","Beta Adrenoceptor Blockers","716","Beta-Adrenoceptor Blockers","7","Cardiovascular System","tab",99.9711931082
"182927","1829","Spacer device","220 ml (single patient)","285302","Respiratory Devices","2853","Respiratory Devices","28","Respiratory System and Allergies","dev",0.000172909566567589
"217603","2176","Spironolactone","Oral liq 5 mg per ml","73104","Potassium Sparing Diuretics","731","Diuretics","7","Cardiovascular System","ml",100
"217602","2176","Spironolactone","Tab 100 mg","73104","Potassium Sparing Diuretics","731","Diuretics","7","Cardiovascular System","tab",99.9820395158326
"217601","2176","Spironolactone","Tab 25 mg","73104","Potassium Sparing Diuretics","731","Diuretics","7","Cardiovascular System","tab",99.9649853066052
"340701","3407","Starch","Starch","380101","Extemporaneously Compounded Preparations and Galenicals","3801","Extemporaneously Compounded Preparations and Galenicals","38","Extemporaneously Compounded Preparations and Galenicals","g",100
"340801","3408","Stearic acid","Stearic acid","380101","Extemporaneously Compounded Preparations and Galenicals","3801","Extemporaneously Compounded Preparations and Galenicals","38","Extemporaneously Compounded Preparations and Galenicals","g",100
"400425","4004","Stiripentol","Cap 250 mg","220702","Control of Epilepsy","2207","Antiepilepsy Drugs","22","Nervous System","cap",100
"400426","4004","Stiripentol","Powder for oral liq 250 mg sachet","220702","Control of Epilepsy","2207","Antiepilepsy Drugs","22","Nervous System","sach",100
"219101","2191","Sucralfate","Tab 1 g","11013","Site Protective Agents","110","Antiulcerants","1","Alimentary Tract and Metabolism","tab",99.9308805577453
"211425","2114","Sulfadiazine Silver","Crm 1%","100401","Antibacterials Topical","1004","Antibacterials Topical","10","Dermatologicals","g",56.6745278007946
"399325","3993","Sulfadiazine sodium","Tab 500 mg","160313","Other Antibiotics","1603","Antibacterials","16","Infections - Agents for Systemic Use","tab",100
"220501","2205","Sulfasalazine","Tab 500 mg","10404","Rectal and Colonic Anti-inflammatories","104","Antidiarrhoeals","1","Alimentary Tract and Metabolism","tab",99.992919397448
"220502","2205","Sulfasalazine","Tab EC 500 mg","10404","Rectal and Colonic Anti-inflammatories","104","Antidiarrhoeals","1","Alimentary Tract and Metabolism","tab",99.9928785783151
"219301","2193","Sulindac","Tab 100 mg","190401","Non-Steroidal Anti-Inflammatory Drugs","1904","Non-Steroidal Anti-Inflammatory Drugs","19","Musculoskeletal System","tab",100
"219302","2193","Sulindac","Tab 200 mg","190401","Non-Steroidal Anti-Inflammatory Drugs","1904","Non-Steroidal Anti-Inflammatory Drugs","19","Musculoskeletal System","tab",100
"341102","3411","Sulphur","Precipitated","101901","Psoriasis and Eczema Preparations","1019","Psoriasis and Eczema Preparations","10","Dermatologicals","g",100
"280025","2800","Sumatriptan","Inj 12 mg per ml, 0.5 ml prefilled pen","221301","Acute Migraine Treatment","2213","Antimigraine Preparations","22","Nervous System","inj",99.7601552015095
"280003","2800","Sumatriptan","Tab 100 mg","221301","Acute Migraine Treatment","2213","Antimigraine Preparations","22","Nervous System","tab",99.9523837382327
"280002","2800","Sumatriptan","Tab 50 mg","221301","Acute Migraine Treatment","2213","Antimigraine Preparations","22","Nervous System","tab",99.8706760201032
"392125","3921","Sunitinib","Cap 12.5 mg","250109","Protein-tyrosine Kinase Inhibitors","2501","Chemotherapeutic Agents","25","Oncology Agents and Immunosuppressants","cap",100
"392126","3921","Sunitinib","Cap 25 mg","250109","Protein-tyrosine Kinase Inhibitors","2501","Chemotherapeutic Agents","25","Oncology Agents and Immunosuppressants","cap",100
"392127","3921","Sunitinib","Cap 50 mg","250109","Protein-tyrosine Kinase Inhibitors","2501","Chemotherapeutic Agents","25","Oncology Agents and Immunosuppressants","cap",100
"221325","2213","Sunscreens, proprietary","Lotn,","102501","Sunscreens","1025","Sunscreens","10","Dermatologicals","g",99.0838884062168
"387025","3870","Syrup (pharmaceutical grade)","Liq","380101","Extemporaneously Compounded Preparations and Galenicals","3801","Extemporaneously Compounded Preparations and Galenicals","38","Extemporaneously Compounded Preparations and Galenicals","ml",95.8255769209617
"108825","1088","Tacrolimus","Cap 0.5 mg","250706","Other Immunosuppressants","2507","Immunosuppressants","25","Oncology Agents and Immunosuppressants","cap",99.9997402299173
"108826","1088","Tacrolimus","Cap 0.75 mg","250706","Other Immunosuppressants","2507","Immunosuppressants","25","Oncology Agents and Immunosuppressants","cap",100
"108801","1088","Tacrolimus","Cap 1 mg","250706","Other Immunosuppressants","2507","Immunosuppressants","25","Oncology Agents and Immunosuppressants","cap",99.9997951242765
"108802","1088","Tacrolimus","Cap 5 mg","250706","Other Immunosuppressants","2507","Immunosuppressants","25","Oncology Agents and Immunosuppressants","cap",100
"108827","1088","Tacrolimus","Oint 0.1%","101901","Psoriasis and Eczema Preparations","1019","Psoriasis and Eczema Preparations","10","Dermatologicals","g",100
"221801","2218","Tamoxifen citrate","Tab 10 mg","250401","Endocrine Therapy","2504","Endocrine Therapy","25","Oncology Agents and Immunosuppressants","tab",100
"221802","2218","Tamoxifen citrate","Tab 20 mg","250401","Endocrine Therapy","2504","Endocrine Therapy","25","Oncology Agents and Immunosuppressants","tab",99.9862076846265
"391025","3910","Tamsulosin hydrochloride","Cap 400 mcg","131902","Alpha-1A Adrenoreceptor Blockers","1319","Urinary Agents","13","Genito-Urinary System","cap",99.9999806734923
"222425","2224","Temazepam","Tab 10 mg","222801","Sedatives and Hypnotics","2228","Sedatives and Hypnotics","22","Nervous System","tab",99.8262734512676
"385627","3856","Temozolomide","Cap 100 mg","250107","Other Cytotoxic Agents","2501","Chemotherapeutic Agents","25","Oncology Agents and Immunosuppressants","cap",100
"385629","3856","Temozolomide","Cap 140 mg","250107","Other Cytotoxic Agents","2501","Chemotherapeutic Agents","25","Oncology Agents and Immunosuppressants","cap",100
"385630","3856","Temozolomide","Cap 180 mg","250107","Other Cytotoxic Agents","2501","Chemotherapeutic Agents","25","Oncology Agents and Immunosuppressants","cap",100
"385626","3856","Temozolomide","Cap 20 mg","250107","Other Cytotoxic Agents","2501","Chemotherapeutic Agents","25","Oncology Agents and Immunosuppressants","cap",100
"385628","3856","Temozolomide","Cap 250 mg","250107","Other Cytotoxic Agents","2501","Chemotherapeutic Agents","25","Oncology Agents and Immunosuppressants","cap",100
"385625","3856","Temozolomide","Cap 5 mg","250107","Other Cytotoxic Agents","2501","Chemotherapeutic Agents","25","Oncology Agents and Immunosuppressants","cap",100
"386725","3867","Tenofovir disoproxil","Tab 245 mg (300 mg as a fumarate)","161905","Hepatitis B Treatment","1619","Antivirals","16","Infections - Agents for Systemic Use","tab",100
"386727","3867","Tenofovir disoproxil","Tab 245 mg (300 mg as a maleate)","161905","Hepatitis B Treatment","1619","Antivirals","16","Infections - Agents for Systemic Use","tab",99.9941472848491
"386726","3867","Tenofovir disoproxil","Tab 245 mg (300.6 mg as a succinate)","161905","Hepatitis B Treatment","1619","Antivirals","16","Infections - Agents for Systemic Use","tab",99.9999155159231
"253601","2536","Tenoxicam","Tab 20 mg","190401","Non-Steroidal Anti-Inflammatory Drugs","1904","Non-Steroidal Anti-Inflammatory Drugs","19","Musculoskeletal System","tab",99.66355854625
"254303","2543","Terazosin","Tab 2 mg","70401","Alpha Adrenoceptor Blockers","704","Alpha-Adrenoceptor Blockers","7","Cardiovascular System","tab",99.9160763733165
"254307","2543","Terazosin","Tab 5 mg","70401","Alpha Adrenoceptor Blockers","704","Alpha-Adrenoceptor Blockers","7","Cardiovascular System","tab",99.9840806170417
"283001","2830","Terbinafine","Tab 250 mg","160401","Antifungals","1604","Antifungals","16","Infections - Agents for Systemic Use","tab",99.9884331716345
"240425","2404","Terbutaline sulphate","Powder for inhalation, 200 mcg per dose (equivalent to 250 mcg metered dose), breath activated","283010","Inhaled Beta-Adrenoceptor Agonists","2830","Beta-Adrenoceptor Agonists","28","Respiratory System and Allergies","dose",99.7764711599203
"405425","4054","Teriflunomide","Tab 14 mg","222601","Multiple Sclerosis Treatments","2226","Multiple Sclerosis Treatments","22","Nervous System","tab",100
"393925","3939","Teriparatide","Inj 250 mcg per ml, 2.4 ml","190806","Other Treatments","1908","Drugs Affecting Bone Metabolism","19","Musculoskeletal System","inj",100
"386427","3864","Testosterone","Gel (transdermal) 16.2 mg per g","141001","Androgen Agonists and Antagonists","1410","Sex Hormones Non Contraceptive","14","Hormone Preparations - Systemic Excluding Contraceptive Hormones","g",100
"386428","3864","Testosterone","Gel (transdermal) 16.2 mg per g, 88 g","141001","Androgen Agonists and Antagonists","1410","Sex Hormones Non Contraceptive","14","Hormone Preparations - Systemic Excluding Contraceptive Hormones","actua",100
"386426","3864","Testosterone","Patch 5 mg per day","141001","Androgen Agonists and Antagonists","1410","Sex Hormones Non Contraceptive","14","Hormone Preparations - Systemic Excluding Contraceptive Hormones","patch",99.9976308987659
"276201","2762","Testosterone cipionate","Inj 100 mg per ml, 10 ml vial","141001","Androgen Agonists and Antagonists","1410","Sex Hormones Non Contraceptive","14","Hormone Preparations - Systemic Excluding Contraceptive Hormones","inj",99.9634480657935
"276501","2765","Testosterone esters","Inj 250 mg per ml, 1 ml","141001","Androgen Agonists and Antagonists","1410","Sex Hormones Non Contraceptive","14","Hormone Preparations - Systemic Excluding Contraceptive Hormones","inj",99.9880297759324
"276401","2764","Testosterone undecanoate","Cap 40 mg","141001","Androgen Agonists and Antagonists","1410","Sex Hormones Non Contraceptive","14","Hormone Preparations - Systemic Excluding Contraceptive Hormones","cap",99.9981509576653
"276426","2764","Testosterone undecanoate","Inj 250 mg per ml, 4 ml vial","141001","Androgen Agonists and Antagonists","1410","Sex Hormones Non Contraceptive","14","Hormone Preparations - Systemic Excluding Contraceptive Hormones","inj",99.9886069394096
"223701","2237","Tetrabenazine","Tab 25 mg","220107","Agents for Essential Tremor, Chorea and Related Disorders","2201","Agents for Parkinsonism and Related Disorders","22","Nervous System","tab",99.9961943543246
"223801","2238","Tetrabromophenol","Blue diagnostic strips","132201","Detection of Substances in Urine","1322","Detection of Substances in Urine","13","Genito-Urinary System","test",99.8898678414097
"223903","2239","Tetracosactrin","Inj 1 mg per ml, 1 ml ampoule","140701","Corticosteroids and Related Agents for Systemic Use","1407","Corticosteroids and Related Agents for Systemic Use","14","Hormone Preparations - Systemic Excluding Contraceptive Hormones","inj",100
"223901","2239","Tetracosactrin","Inj 250 mcg per ml, 1 ml ampoule","140701","Corticosteroids and Related Agents for Systemic Use","1407","Corticosteroids and Related Agents for Systemic Use","14","Hormone Preparations - Systemic Excluding Contraceptive Hormones","inj",89.2401215805471
"399926","3999","Tetracycline","Tab 250 mg","160310","Tetracyclines","1603","Antibacterials","16","Infections - Agents for Systemic Use","tab",100
"384526","3845","Thalidomide","Cap 100 mg","250107","Other Cytotoxic Agents","2501","Chemotherapeutic Agents","25","Oncology Agents and Immunosuppressants","cap",100
"384525","3845","Thalidomide","Cap 50 mg","250107","Other Cytotoxic Agents","2501","Chemotherapeutic Agents","25","Oncology Agents and Immunosuppressants","cap",100
"158015","1580","Theophylline","Oral liq 80 mg per 15 ml","284302","Methylxanthines","2843","Methylxanthines","28","Respiratory System and Allergies","ml",100
"158006","1580","Theophylline","Tab long-acting 250 mg","284302","Methylxanthines","2843","Methylxanthines","28","Respiratory System and Allergies","tab",99.9150887246694
"225003","2250","Thiamine hydrochloride","Tab 50 mg","13704","Vitamin B","137","Vitamins","1","Alimentary Tract and Metabolism","tab",100
"225201","2252","Thioguanine","Tab 40 mg","250104","Antimetabolites","2501","Chemotherapeutic Agents","25","Oncology Agents and Immunosuppressants","tab",99.9993864601573
"226201","2262","Thymol glycerin","Compound, BPC","13109","Other Oral Agents","131","Mouth and Throat","1","Alimentary Tract and Metabolism","ml",89.5989301756752
"400825","4008","Ticagrelor","Tab 90 mg","40701","Antiplatelet Agents","407","Antithrombotic Agents","4","Blood and Blood Forming Organs","tab",100
"226602","2266","Timolol","Eye drops 0.25%","310305","Glaucoma Preparations - Beta Blockers","3103","Eye Preparations","31","Sensory Organs","ml",99.9629464638853
"226604","2266","Timolol","Eye drops 0.5%","310305","Glaucoma Preparations - Beta Blockers","3103","Eye Preparations","31","Sensory Organs","ml",99.7812154924199
"226606","2266","Timolol","Eye drops 0.5%, gel forming","310305","Glaucoma Preparations - Beta Blockers","3103","Eye Preparations","31","Sensory Organs","ml",99.9856728392851
"226601","2266","Timolol","Tab 10 mg","71601","Beta Adrenoceptor Blockers","716","Beta-Adrenoceptor Blockers","7","Cardiovascular System","tab",100
"226901","2269","Tinidazole","Tab 500 mg","161301","Antitrichomonal Agents","1613","Antitrichomonal Agents","16","Infections - Agents for Systemic Use","tab",100
"380525","3805","Tiotropium bromide","Powder for inhalation, 18 mcg per dose","283414","Long-Acting Muscarinic Antagonists","2834","Anticholinergic Agents","28","Respiratory System and Allergies","dose",99.963439548449
"380526","3805","Tiotropium bromide","Soln for inhalation 2.5 mcg per dose","283414","Long-Acting Muscarinic Antagonists","2834","Anticholinergic Agents","28","Respiratory System and Allergies","dose",99.9614933754975
"405925","4059","Tiotropium bromide with olodaterol","Soln for inhalation 2.5 mcg with olodaterol 2.5 mcg","283416","Long-Acting Muscarinic Antagonists with Long-Acting Beta-Adrenoceptor Agonists","2834","Anticholinergic Agents","28","Respiratory System and Allergies","dose",99.9997287650128
"227404","2274","Tobramycin","Eye drops 0.3%","310301","Anti-Infective Preparations","3103","Eye Preparations","31","Sensory Organs","ml",83.8819523269012
"227405","2274","Tobramycin","Eye oint 0.3%","310301","Anti-Infective Preparations","3103","Eye Preparations","31","Sensory Organs","g",83.3096085409253
"227402","2274","Tobramycin","Inj 40 mg per ml, 2 ml vial","160313","Other Antibiotics","1603","Antibacterials","16","Infections - Agents for Systemic Use","inj",99.4236089763295
"227425","2274","Tobramycin","Solution for inhalation 60 mg per ml, 5 ml","160313","Other Antibiotics","1603","Antibacterials","16","Infections - Agents for Systemic Use","dose",100
"113801","1138","Tolcapone","Tab 100 mg","220101","Dopamine Agonists and Related Agents","2201","Agents for Parkinsonism and Related Disorders","22","Nervous System","tab",99.9956312514062
"416525","4165","Tolvaptan","Tab 15 mg","73114","Vasopressin receptor antagonists","731","Diuretics","7","Cardiovascular System","tab",100
"416526","4165","Tolvaptan","Tab 30 mg","73114","Vasopressin receptor antagonists","731","Diuretics","7","Cardiovascular System","tab",100
"416527","4165","Tolvaptan","Tab 45 mg + 15 mg","73114","Vasopressin receptor antagonists","731","Diuretics","7","Cardiovascular System","tab",100
"416528","4165","Tolvaptan","Tab 60 mg + 30 mg","73114","Vasopressin receptor antagonists","731","Diuretics","7","Cardiovascular System","tab",100
"416529","4165","Tolvaptan","Tab 90 mg + 30 mg","73114","Vasopressin receptor antagonists","731","Diuretics","7","Cardiovascular System","tab",100
"113325","1133","Topiramate","Sprinkle cap 15 mg","220702","Control of Epilepsy","2207","Antiepilepsy Drugs","22","Nervous System","cap",100
"113326","1133","Topiramate","Sprinkle cap 25 mg","220702","Control of Epilepsy","2207","Antiepilepsy Drugs","22","Nervous System","cap",99.9780144499231
"113303","1133","Topiramate","Tab 100 mg","220702","Control of Epilepsy","2207","Antiepilepsy Drugs","22","Nervous System","tab",99.9940478337962
"113304","1133","Topiramate","Tab 200 mg","220702","Control of Epilepsy","2207","Antiepilepsy Drugs","22","Nervous System","tab",100
"113301","1133","Topiramate","Tab 25 mg","220702","Control of Epilepsy","2207","Antiepilepsy Drugs","22","Nervous System","tab",99.9848567338107
"113302","1133","Topiramate","Tab 50 mg","220702","Control of Epilepsy","2207","Antiepilepsy Drugs","22","Nervous System","tab",99.992888258877
"280801","2808","Total parenteral nutrition (TPN)","Infusion","41001","Intravenous Administration","410","Fluids and Electrolytes","4","Blood and Blood Forming Organs","ea",11.7722255611841
"390625","3906","Tramadol hydrochloride","Cap 50 mg","220407","Opioid Analgesics","2204","Analgesics","22","Nervous System","cap",98.9074211072715
"390626","3906","Tramadol hydrochloride","Tab sustained-release 100 mg","220407","Opioid Analgesics","2204","Analgesics","22","Nervous System","tab",99.3981905735703
"390627","3906","Tramadol hydrochloride","Tab sustained-release 150 mg","220407","Opioid Analgesics","2204","Analgesics","22","Nervous System","tab",99.986827773524
"390628","3906","Tramadol hydrochloride","Tab sustained-release 200 mg","220407","Opioid Analgesics","2204","Analgesics","22","Nervous System","tab",99.9571884427143
"422925","4229","Trametinib","Tab 0.5 mg","250109","Protein-tyrosine Kinase Inhibitors","2501","Chemotherapeutic Agents","25","Oncology Agents and Immunosuppressants","tab",100
"422926","4229","Trametinib","Tab 2 mg","250109","Protein-tyrosine Kinase Inhibitors","2501","Chemotherapeutic Agents","25","Oncology Agents and Immunosuppressants","tab",100
"250501","2505","Tranexamic acid","Tab 500 mg","40401","Antifibrinolytics, Haemostatics and Local Sclerosants","404","Antifibrinolytics, Haemostatics and Local Sclerosants","4","Blood and Blood Forming Organs","tab",98.7805661214037
"228501","2285","Tranylcypromine sulphate","Tab 10 mg","220504","Monoamine-Oxidase Inhibitors (MAOIs) - Non Selective","2205","Antidepressants","22","Nervous System","tab",99.9951078944472
"379425","3794","Travoprost","Eye drops 0.004%","310308","Glaucoma Preparations - Prostaglandin Analogues","3103","Eye Preparations","31","Sensory Organs","ml",99.9863423161871
"228625","2286","Tretinoin","Cap 10 mg","250107","Other Cytotoxic Agents","2501","Chemotherapeutic Agents","25","Oncology Agents and Immunosuppressants","cap",100
"228626","2286","Tretinoin","Crm 0.5 mg per g","100101","Antiacne Preparations","1001","Antiacne Preparations","10","Dermatologicals","g",99.9511108465901
"238908","2389","Triamcinolone acetonide","Crm 0.02%","101101","Corticosteroids - Plain","1011","Corticosteroids Topical","10","Dermatologicals","g",99.8648325716163
"238901","2389","Triamcinolone acetonide","Inj 10 mg per ml, 1 ml ampoule","140701","Corticosteroids and Related Agents for Systemic Use","1407","Corticosteroids and Related Agents for Systemic Use","14","Hormone Preparations - Systemic Excluding Contraceptive Hormones","inj",56.2210619643385
"238903","2389","Triamcinolone acetonide","Inj 40 mg per ml, 1 ml ampoule","140701","Corticosteroids and Related Agents for Systemic Use","1407","Corticosteroids and Related Agents for Systemic Use","14","Hormone Preparations - Systemic Excluding Contraceptive Hormones","inj",67.3099265126635
"238909","2389","Triamcinolone acetonide","Oint 0.02%","101101","Corticosteroids - Plain","1011","Corticosteroids Topical","10","Dermatologicals","g",99.8321870519758
"238912","2389","Triamcinolone acetonide","Paste 0.1% ","13101","Agents Used in Mouth Ulceration","131","Mouth and Throat","1","Alimentary Tract and Metabolism","g",99.6610534244364
"238703","2387","Triamcinolone acetonide with gramicidin, neomycin and nystatin","Crm 1 mg with nystatin 100,000 u, neomycin sulphate 2.5 mg and gramicidin 250 mcg per g","101104","Corticosteroids - Combination","1011","Corticosteroids Topical","10","Dermatologicals","g",100
"238701","2387","Triamcinolone acetonide with gramicidin, neomycin and nystatin","Ear drops 1 mg with nystatin 100,000 u, neomycin sulphate 2.5 mg and gramicidin 250 mcg per g","310101","Ear Preparations","3101","Ear Preparations","31","Sensory Organs","ml",98.0035848435643
"229501","2295","Triazolam","Tab 125 mcg","222801","Sedatives and Hypnotics","2228","Sedatives and Hypnotics","22","Nervous System","tab",99.9443182002954
"229502","2295","Triazolam","Tab 250 mcg","222801","Sedatives and Hypnotics","2228","Sedatives and Hypnotics","22","Nervous System","tab",99.9727244477267
"342401","3424","Triethanolamine","Solution 40%","380101","Extemporaneously Compounded Preparations and Galenicals","3801","Extemporaneously Compounded Preparations and Galenicals","38","Extemporaneously Compounded Preparations and Galenicals","ml",100
"229803","2298","Trifluoperazine hydrochloride","Tab 5 mg","222201","General","2222","Antipsychotics","22","Nervous System","tab",100
"230002","2300","Trimethoprim","Tab 300 mg","160313","Other Antibiotics","1603","Antibacterials","16","Infections - Agents for Systemic Use","tab",91.912829547121
"136101","1361","Trimethoprim with sulphamethoxazole [Co-trimoxazole]","Oral liq 8 mg sulphamethoxazole 40 mg per ml","160313","Other Antibiotics","1603","Antibacterials","16","Infections - Agents for Systemic Use","ml",95.9380261361804
"136102","1361","Trimethoprim with sulphamethoxazole [Co-trimoxazole]","Tab trimethoprim 80 mg and sulphamethoxazole 400 mg","160313","Other Antibiotics","1603","Antibacterials","16","Infections - Agents for Systemic Use","tab",98.0869536565775
"230501","2305","Tropicamide","Eye drops 0.5%","310310","Mydriatics and Cycloplegics","3103","Eye Preparations","31","Sensory Organs","ml",77.2334293948127
"230502","2305","Tropicamide","Eye drops 1%","310310","Mydriatics and Cycloplegics","3103","Eye Preparations","31","Sensory Organs","ml",37.5976780531369
"405725","4057","Umeclidinium","Powder for inhalation 62.5 mcg per dose","283414","Long-Acting Muscarinic Antagonists","2834","Anticholinergic Agents","28","Respiratory System and Allergies","dose",99.9598710813298
"406025","4060","Umeclidinium with vilanterol","Powder for inhalation 62.5 mcg with vilanterol 25 mcg","283416","Long-Acting Muscarinic Antagonists with Long-Acting Beta-Adrenoceptor Agonists","2834","Anticholinergic Agents","28","Respiratory System and Allergies","dose",100
"415025","4150","Upadacitinib","Tab modified-release 15 mg","250708","JAK inhibitors","2507","Immunosuppressants","25","Oncology Agents and Immunosuppressants","tab",100
"415026","4150","Upadacitinib","Tab modified-release 30 mg","250708","JAK inhibitors","2507","Immunosuppressants","25","Oncology Agents and Immunosuppressants","tab",100
"415027","4150","Upadacitinib","Tab modified-release 45 mg","250708","JAK inhibitors","2507","Immunosuppressants","25","Oncology Agents and Immunosuppressants","tab",100
"231201","2312","Urea","Crm 10%","101504","Emollients","1015","Barrier Creams and Emollients","10","Dermatologicals","g",99.4785319467319
"231202","2312","Urea","Powder","380101","Extemporaneously Compounded Preparations and Galenicals","3801","Extemporaneously Compounded Preparations and Galenicals","38","Extemporaneously Compounded Preparations and Galenicals","g",100
"112625","1126","Ursodeoxycholic acid","Cap 250 mg","12201","Digestives Including Enzymes","122","Digestives Including Enzymes","1","Alimentary Tract and Metabolism","cap",100
"417125","4171","Ustekinumab","Inj 90 mg per ml, 1 ml pre-filled syringe","250704","Monoclonal Antibodies","2507","Immunosuppressants","25","Oncology Agents and Immunosuppressants","inj",100
"104325","1043","Valaciclovir","Tab 1,000 mg","161907","Herpesvirus Treatments","1619","Antivirals","16","Infections - Agents for Systemic Use","tab",99.4908025127786
"104301","1043","Valaciclovir","Tab 500 mg","161907","Herpesvirus Treatments","1619","Antivirals","16","Infections - Agents for Systemic Use","tab",99.8580349368288
"397925","3979","Valganciclovir","Tab 450 mg","161907","Herpesvirus Treatments","1619","Antivirals","16","Infections - Agents for Systemic Use","tab",100
"419025","4190","Valine","Powder, 4 g sachets","421220","Single dose amino acids","4212","Foods And Supplements For Inherited Metabolic Disease","42","Special Foods","sach",100
"231403","2314","Vancomycin","Inj 500 mg vial","160313","Other Antibiotics","1603","Antibacterials","16","Infections - Agents for Systemic Use","inj",97.8482036437936
"392027","3920","Varenicline tartrate","Tab 0.5 mg x 11 and 1 mg x 42","223401","Treatments for Substance Dependence","2234","Treatments for Substance Dependence","22","Nervous System","tab",100
"392026","3920","Varenicline tartrate","Tab 1 mg","223401","Treatments for Substance Dependence","2234","Treatments for Substance Dependence","22","Nervous System","tab",100
"403026","4030","Varicella vaccine [Chickenpox vaccine]","Inj 1350 PFU prefilled syringe","452501","Vaccinations","4525","Vaccinations","45","National Immunisation Schedule","inj",100
"403025","4030","Varicella vaccine [Chickenpox vaccine]","Inj 2000 PFU prefilled syringe plus vial ","452501","Vaccinations","4525","Vaccinations","45","National Immunisation Schedule","inj",100
"416225","4162","Varicella zoster vaccine [Shingles vaccine]","Inj 50 mcg per 0.5 ml vial plus vial","452501","Vaccinations","4525","Vaccinations","45","National Immunisation Schedule","inj",100
"409625","4096","Varicella zoster virus (Oka strain) live attenuated vaccine [shingles vaccine]","Inj 19,400 PFU prefilled syringe plus vial","452501","Vaccinations","4525","Vaccinations","45","National Immunisation Schedule","inj",100
"412025","4120","Venetoclax","Tab 10 mg","250107","Other Cytotoxic Agents","2501","Chemotherapeutic Agents","25","Oncology Agents and Immunosuppressants","tab",100
"412027","4120","Venetoclax","Tab 100 mg","250107","Other Cytotoxic Agents","2501","Chemotherapeutic Agents","25","Oncology Agents and Immunosuppressants","tab",100
"412028","4120","Venetoclax","Tab 14 x 10 mg, 7 x 50 mg, 21 x 100 mg","250107","Other Cytotoxic Agents","2501","Chemotherapeutic Agents","25","Oncology Agents and Immunosuppressants","tab",100
"412026","4120","Venetoclax","Tab 50 mg","250107","Other Cytotoxic Agents","2501","Chemotherapeutic Agents","25","Oncology Agents and Immunosuppressants","tab",100
"378526","3785","Venlafaxine","Cap 150 mg","220509","Other Antidepressants","2205","Antidepressants","22","Nervous System","cap",99.9860229665739
"378527","3785","Venlafaxine","Cap 37.5 mg","220509","Other Antidepressants","2205","Antidepressants","22","Nervous System","cap",99.9855248725298
"378525","3785","Venlafaxine","Cap 75 mg","220509","Other Antidepressants","2205","Antidepressants","22","Nervous System","cap",99.9874989624096
"231707","2317","Verapamil hydrochloride","Inj 2.5 mg per ml, 2 ml ampoule","72202","Other Calcium Channel Blockers","722","Calcium Channel Blockers","7","Cardiovascular System","inj",0.336801137639398
"231701","2317","Verapamil hydrochloride","Tab 40 mg","72202","Other Calcium Channel Blockers","722","Calcium Channel Blockers","7","Cardiovascular System","tab",99.823939111177
"231702","2317","Verapamil hydrochloride","Tab 80 mg","72202","Other Calcium Channel Blockers","722","Calcium Channel Blockers","7","Cardiovascular System","tab",99.9092403372594
"231709","2317","Verapamil hydrochloride","Tab long-acting 120 mg","72202","Other Calcium Channel Blockers","722","Calcium Channel Blockers","7","Cardiovascular System","tab",99.9799995462275
"231711","2317","Verapamil hydrochloride","Tab long-acting 240 mg","72202","Other Calcium Channel Blockers","722","Calcium Channel Blockers","7","Cardiovascular System","tab",99.9858859623305
"100425","1004","Vigabatrin","Powder for oral soln 500 mg per sachet","220702","Control of Epilepsy","2207","Antiepilepsy Drugs","22","Nervous System","sach",100
"100401","1004","Vigabatrin","Tab 500 mg","220702","Control of Epilepsy","2207","Antiepilepsy Drugs","22","Nervous System","tab",100
"410325","4103","Vildagliptin","Tab 50 mg","11312","Oral Hypoglycaemic Agents","113","Diabetes","1","Alimentary Tract and Metabolism","tab",99.990362359848
"410426","4104","Vildagliptin with metformin hydrochloride","Tab 50 mg with 1,000 mg metformin hydrochloride","11312","Oral Hypoglycaemic Agents","113","Diabetes","1","Alimentary Tract and Metabolism","tab",99.9961457111415
"410425","4104","Vildagliptin with metformin hydrochloride","Tab 50 mg with 850 mg metformin hydrochloride","11312","Oral Hypoglycaemic Agents","113","Diabetes","1","Alimentary Tract and Metabolism","tab",99.9937615431892
"381631","3816","Vinorelbine","Cap 20 mg","250107","Other Cytotoxic Agents","2501","Chemotherapeutic Agents","25","Oncology Agents and Immunosuppressants","cap",100
"381630","3816","Vinorelbine","Cap 30 mg","250107","Other Cytotoxic Agents","2501","Chemotherapeutic Agents","25","Oncology Agents and Immunosuppressants","cap",100
"381629","3816","Vinorelbine","Cap 80 mg","250107","Other Cytotoxic Agents","2501","Chemotherapeutic Agents","25","Oncology Agents and Immunosuppressants","cap",100
"232802","2328","Vitamin B complex","Tab, strong, BPC","13704","Vitamin B","137","Vitamins","1","Alimentary Tract and Metabolism","tab",99.9730489702086
"233025","2330","Vitamins","Cap (fat soluble vitamins A, D, E, K)","13719","Multivitamin Preparations","137","Vitamins","1","Alimentary Tract and Metabolism","cap",100
"233001","2330","Vitamins","Tab (BPC cap strength)","13719","Multivitamin Preparations","137","Vitamins","1","Alimentary Tract and Metabolism","tab",99.9290534086749
"397827","3978","Voriconazole","Powder for oral suspension 40 mg per ml","160401","Antifungals","1604","Antifungals","16","Infections - Agents for Systemic Use","ml",100
"397826","3978","Voriconazole","Tab 200 mg","160401","Antifungals","1604","Antifungals","16","Infections - Agents for Systemic Use","tab",100
"397825","3978","Voriconazole","Tab 50 mg","160401","Antifungals","1604","Antifungals","16","Infections - Agents for Systemic Use","tab",100
"233101","2331","Warfarin sodium","Tab 1 mg","40707","Oral Anticoagulants","407","Antithrombotic Agents","4","Blood and Blood Forming Organs","tab",99.8983937676553
"233103","2331","Warfarin sodium","Tab 2 mg","40707","Oral Anticoagulants","407","Antithrombotic Agents","4","Blood and Blood Forming Organs","tab",99.8560491770217
"233105","2331","Warfarin sodium","Tab 3 mg","40707","Oral Anticoagulants","407","Antithrombotic Agents","4","Blood and Blood Forming Organs","tab",99.8454282479605
"233106","2331","Warfarin sodium","Tab 5 mg","40707","Oral Anticoagulants","407","Antithrombotic Agents","4","Blood and Blood Forming Organs","tab",99.8854302920569
"117402","1174","Wasp venom allergy treatment","Treatment kit (Paper wasp venom) - 1 vial 550 mcg freeze dried polistes venom, 1 diluent 9 ml, 3 diluent 1.8 ml","280108","Allergy Desensitisation","2801","Antiallergy Preparations","28","Respiratory System and Allergies","txpk",100
"117428","1174","Wasp venom allergy treatment","Treatment kit (Paper wasp venom) - 1 vial 550 mcg freeze dried venom, with diluent","280108","Allergy Desensitisation","2801","Antiallergy Preparations","28","Respiratory System and Allergies","txpk",100
"117425","1174","Wasp venom allergy treatment","Treatment kit (Paper wasp venom) - 6 vials 120 mcg freeze dried venom, with diluent","280108","Allergy Desensitisation","2801","Antiallergy Preparations","28","Respiratory System and Allergies","txpk",100
"117427","1174","Wasp venom allergy treatment","Treatment kit (Yellow Jacket venom) - 1 vial 550 mcg freeze dried venom, with diluent","280108","Allergy Desensitisation","2801","Antiallergy Preparations","28","Respiratory System and Allergies","txpk",100
"117401","1174","Wasp venom allergy treatment","Treatment kit (Yellow jacket venom) - 1 vial 550 mcg freeze dried vespula venom, 1 diluent 9 ml, 3 diluent 1.8 ml","280108","Allergy Desensitisation","2801","Antiallergy Preparations","28","Respiratory System and Allergies","txpk",100
"117426","1174","Wasp venom allergy treatment","Treatment kit (Yellow jacket venom) - 6 vials 120 mcg freeze dried venom, with diluent","280108","Allergy Desensitisation","2801","Antiallergy Preparations","28","Respiratory System and Allergies","txpk",100
"233204","2332","Water","Inj  20 ml ampoule","41001","Intravenous Administration","410","Fluids and Electrolytes","4","Blood and Blood Forming Organs","inj",22.5666268713337
"233203","2332","Water","Inj 10 ml ampoule","41001","Intravenous Administration","410","Fluids and Electrolytes","4","Blood and Blood Forming Organs","inj",15.0705047767866
"233202","2332","Water","Inj 5 ml ampoule","41001","Intravenous Administration","410","Fluids and Electrolytes","4","Blood and Blood Forming Organs","inj",60.6136124494656
"233205","2332","Water","Tap","380101","Extemporaneously Compounded Preparations and Galenicals","3801","Extemporaneously Compounded Preparations and Galenicals","38","Extemporaneously Compounded Preparations and Galenicals","ml",99.7368101676405
"342901","3429","Wool fat","BP","380101","Extemporaneously Compounded Preparations and Galenicals","3801","Extemporaneously Compounded Preparations and Galenicals","38","Extemporaneously Compounded Preparations and Galenicals","g",100
"233919","2339","Wool fat with mineral oil","Lotn hydrous 3% with mineral oil","101504","Emollients","1015","Barrier Creams and Emollients","10","Dermatologicals","ml",100
"246401","2464","Zidovudine","Cap 100 mg","162003","Nucleosides Reverse Transcriptase Inhibitors","1620","Antiretrovirals","16","Infections - Agents for Systemic Use","cap",100
"246402","2464","Zidovudine","Oral liq 10 mg per ml","162003","Nucleosides Reverse Transcriptase Inhibitors","1620","Antiretrovirals","16","Infections - Agents for Systemic Use","ml",100
"122301","1223","Zidovudine with lamivudine","Tab 300 mg with lamivudine 150 mg","162003","Nucleosides Reverse Transcriptase Inhibitors","1620","Antiretrovirals","16","Infections - Agents for Systemic Use","tab",100
"343101","3431","Zinc and castor oil","Oint","101502","Barrier Creams","1015","Barrier Creams and Emollients","10","Dermatologicals","g",99.2033738664999
"235401","2354","Zinc sulphate","Cap 137.4 mg (50 mg elemental)","13850","Zinc","138","Minerals","1","Alimentary Tract and Metabolism","cap",98.5412768293862
"387325","3873","Ziprasidone","Cap 20 mg","222201","General","2222","Antipsychotics","22","Nervous System","cap",100
"387326","3873","Ziprasidone","Cap 40 mg","222201","General","2222","Antipsychotics","22","Nervous System","cap",99.9913387596691
"387327","3873","Ziprasidone","Cap 60 mg","222201","General","2222","Antipsychotics","22","Nervous System","cap",100
"387328","3873","Ziprasidone","Cap 80 mg","222201","General","2222","Antipsychotics","22","Nervous System","cap",100
"391328","3913","Zoledronic acid","Inj 0.05 mg per ml, 100 ml, bag","190806","Other Treatments","1908","Drugs Affecting Bone Metabolism","19","Musculoskeletal System","bag",99.729172799529
"391327","3913","Zoledronic acid","Inj 0.05 mg per ml, 100 ml, bag,","190806","Other Treatments","1908","Drugs Affecting Bone Metabolism","19","Musculoskeletal System","ml",99.6661562790231
"391325","3913","Zoledronic acid","Inj 0.05 mg per ml, 100 ml, vial","190806","Other Treatments","1908","Drugs Affecting Bone Metabolism","19","Musculoskeletal System","ml",99.9784891565794
"391326","3913","Zoledronic acid","Inj 4 mg per 5 ml, vial","140404","Calcium Homeostasis","1404","Calcium Homeostasis","14","Hormone Preparations - Systemic Excluding Contraceptive Hormones","inj",95.3050057420793
"248401","2484","Zopiclone","Tab 7.5 mg","222801","Sedatives and Hypnotics","2228","Sedatives and Hypnotics","22","Nervous System","tab",99.8854362554003
"380325","3803","Zuclopenthixol decanoate","Inj 200 mg per ml, 1 ml","222204","Depot Injections","2222","Antipsychotics","22","Nervous System","inj",78.2235213567178
"389825","3898","Zuclopenthixol hydrochloride","Tab 10 mg","222201","General","2222","Antipsychotics","22","Nervous System","tab",99.9980635899458
